{"stats":{"minecraft:crafted":{"minecraft:cooked_beef":4,"minecraft:oak_door":3,"minecraft:oak_planks":332,"minecraft:cooked_porkchop":6,"minecraft:crafting_table":5,"minecraft:spruce_planks":20,"minecraft:wooden_pickaxe":3,"minecraft:furnace":3,"minecraft:cooked_salmon":12,"minecraft:bucket":1,"minecraft:stone_axe":3,"minecraft:air":0,"minecraft:oak_boat":8,"minecraft:shield":1,"minecraft:iron_axe":1,"minecraft:stick":28,"minecraft:iron_pickaxe":1,"minecraft:stone_pickaxe":2,"minecraft:chest":1,"minecraft:iron_shovel":1},"minecraft:broken":{"minecraft:stone_axe":1},"minecraft:used":{"minecraft:iron_shovel":92,"minecraft:stone_pickaxe":92,"minecraft:oak_planks":95,"minecraft:chest":1,"minecraft:wooden_pickaxe":32,"minecraft:cooked_salmon":6,"minecraft:oak_door":3,"minecraft:torch":7,"minecraft:dirt":30,"minecraft:crafting_table":9,"minecraft:white_bed":1,"minecraft:cornflower":1,"minecraft:iron_axe":31,"minecraft:bread":7,"minecraft:iron_pickaxe":9,"minecraft:spruce_sapling":1,"minecraft:stone_axe":136,"minecraft:diamond_chestplate":1,"minecraft:cobblestone":33,"minecraft:oak_sapling":2,"minecraft:furnace":4,"minecraft:cooked_porkchop":5,"minecraft:bucket":1,"minecraft:yellow_bed":5,"minecraft:oak_boat":6,"minecraft:cobbled_deepslate":9},"minecraft:mined":{"minecraft:white_bed":1,"minecraft:oak_door":1,"minecraft:smoker":1,"minecraft:dandelion":1,"minecraft:cornflower":1,"minecraft:brewing_stand":1,"minecraft:oak_fence":9,"minecraft:crafting_table":6,"minecraft:torch":3,"minecraft:granite":3,"minecraft:short_grass":12,"minecraft:grass_block":35,"minecraft:lectern":1,"minecraft:composter":3,"minecraft:tall_grass":1,"minecraft:cobblestone":6,"minecraft:spruce_leaves":1,"minecraft:oak_planks":5,"minecraft:grindstone":1,"minecraft:wall_torch":4,"minecraft:large_fern":1,"minecraft:hay_block":13,"minecraft:seagrass":2,"minecraft:furnace":2,"minecraft:wheat":1,"minecraft:fire":8,"minecraft:spruce_log":5,"minecraft:yellow_bed":5,"minecraft:gold_block":1,"minecraft:bell":1,"minecraft:oak_log":89,"minecraft:coal_ore":37,"minecraft:dirt_path":42,"minecraft:sand":1,"minecraft:dirt":19,"minecraft:stonecutter":1,"minecraft:stone":69,"minecraft:netherrack":8,"minecraft:oak_leaves":2,"minecraft:fern":1},"minecraft:custom":{"minecraft:interact_with_furnace":33,"minecraft:mob_kills":47,"minecraft:interact_with_crafting_table":22,"minecraft:leave_game":2,"minecraft:time_since_death":69133,"minecraft:sleep_in_bed":2,"minecraft:climb_one_cm":1197,"minecraft:time_since_rest":8103,"minecraft:sprint_one_cm":143682,"minecraft:damage_taken":2061,"minecraft:walk_one_cm":213904,"minecraft:drop":15,"minecraft:damage_dealt":3987,"minecraft:talked_to_villager":10,"minecraft:swim_one_cm":154390,"minecraft:fly_one_cm":260048,"minecraft:open_chest":5,"minecraft:crouch_one_cm":10033,"minecraft:play_time":118006,"minecraft:deaths":4,"minecraft:sneak_time":5817,"minecraft:walk_under_water_one_cm":67592,"minecraft:boat_one_cm":23832,"minecraft:jump":1747,"minecraft:walk_on_water_one_cm":23751,"minecraft:interact_with_smoker":3,"minecraft:total_world_time":118006,"minecraft:fall_one_cm":51526},"minecraft:picked_up":{"minecraft:crafting_table":6,"minecraft:salmon":33,"minecraft:leather":1,"minecraft:smoker":1,"minecraft:gold_block":1,"minecraft:oak_log":102,"minecraft:brewing_stand":1,"minecraft:yellow_bed":5,"minecraft:gunpowder":1,"minecraft:cornflower":1,"minecraft:dirt":93,"minecraft:iron_axe":1,"minecraft:cooked_salmon":7,"minecraft:cooked_mutton":3,"minecraft:bone":4,"minecraft:stonecutter":1,"minecraft:wheat_seeds":3,"minecraft:cobbled_deepslate":142,"minecraft:bell":1,"minecraft:grindstone":2,"minecraft:beef":7,"minecraft:iron_ingot":18,"minecraft:oak_boat":1,"minecraft:iron_pickaxe":1,"minecraft:lectern":1,"minecraft:oak_planks":58,"minecraft:furnace":3,"minecraft:stick":7,"minecraft:oak_door":2,"minecraft:composter":3,"minecraft:oak_fence":9,"minecraft:torch":10,"minecraft:dandelion":2,"minecraft:sand":1,"minecraft:porkchop":6,"minecraft:spruce_sapling":1,"minecraft:white_bed":1,"minecraft:spruce_log":5,"minecraft:arrow":4,"minecraft:rotten_flesh":14,"minecraft:diamond_chestplate":2,"minecraft:stone_axe":1,"minecraft:hay_block":13,"minecraft:granite":3,"minecraft:oak_sapling":2,"minecraft:mutton":3,"minecraft:coal":68,"minecraft:white_wool":2,"minecraft:cobblestone":107,"minecraft:ender_pearl":1},"minecraft:dropped":{"minecraft:water_bucket":1,"minecraft:stone_axe":1,"minecraft:wheat_seeds":3,"minecraft:composter":3,"minecraft:rotten_flesh":14,"minecraft:grindstone":1,"minecraft:gunpowder":1,"minecraft:sand":1,"minecraft:arrow":1,"minecraft:dandelion":2},"minecraft:killed":{"minecraft:pig":4,"minecraft:salmon":28,"minecraft:creeper":1,"minecraft:sheep":2,"minecraft:skeleton":1,"minecraft:zombie":8,"minecraft:cow":3}},"DataVersion":3955}