{"stats":{"minecraft:crafted":{"minecraft:oak_door":3,"minecraft:oak_planks":148,"minecraft:cooked_porkchop":6,"minecraft:crafting_table":4,"minecraft:spruce_planks":20,"minecraft:wooden_pickaxe":3,"minecraft:furnace":3,"minecraft:cooked_salmon":12,"minecraft:bucket":1,"minecraft:stone_axe":2,"minecraft:air":0,"minecraft:shield":1,"minecraft:iron_axe":1,"minecraft:stick":24,"minecraft:iron_pickaxe":1,"minecraft:stone_pickaxe":2},"minecraft:mined":{"minecraft:crafting_table":6,"minecraft:granite":3,"minecraft:short_grass":1,"minecraft:grass_block":8,"minecraft:cobblestone":6,"minecraft:spruce_leaves":1,"minecraft:large_fern":1,"minecraft:seagrass":2,"minecraft:furnace":2,"minecraft:fire":8,"minecraft:spruce_log":5,"minecraft:gold_block":1,"minecraft:oak_log":50,"minecraft:coal_ore":37,"minecraft:dirt":3,"minecraft:stone":54,"minecraft:netherrack":8,"minecraft:oak_leaves":2,"minecraft:fern":1},"minecraft:used":{"minecraft:stone_pickaxe":70,"minecraft:wooden_pickaxe":32,"minecraft:cooked_salmon":6,"minecraft:oak_door":3,"minecraft:dirt":10,"minecraft:crafting_table":7,"minecraft:iron_axe":31,"minecraft:bread":4,"minecraft:iron_pickaxe":9,"minecraft:spruce_sapling":1,"minecraft:stone_axe":59,"minecraft:diamond_chestplate":1,"minecraft:cobblestone":9,"minecraft:oak_sapling":2,"minecraft:furnace":3,"minecraft:cooked_porkchop":3,"minecraft:bucket":1,"minecraft:cobbled_deepslate":9},"minecraft:custom":{"minecraft:interact_with_furnace":31,"minecraft:mob_kills":44,"minecraft:interact_with_crafting_table":14,"minecraft:leave_game":2,"minecraft:time_since_death":45133,"minecraft:sleep_in_bed":1,"minecraft:climb_one_cm":1197,"minecraft:time_since_rest":4239,"minecraft:sprint_one_cm":107333,"minecraft:damage_taken":1918,"minecraft:walk_one_cm":115620,"minecraft:drop":2,"minecraft:damage_dealt":3387,"minecraft:swim_one_cm":154390,"minecraft:fly_one_cm":202926,"minecraft:open_chest":1,"minecraft:crouch_one_cm":9574,"minecraft:play_time":94006,"minecraft:deaths":4,"minecraft:sneak_time":5642,"minecraft:walk_under_water_one_cm":67048,"minecraft:jump":1402,"minecraft:walk_on_water_one_cm":22924,"minecraft:interact_with_smoker":1,"minecraft:total_world_time":94006,"minecraft:fall_one_cm":46659},"minecraft:picked_up":{"minecraft:crafting_table":6,"minecraft:salmon":33,"minecraft:leather":1,"minecraft:gold_block":1,"minecraft:oak_log":63,"minecraft:dirt":10,"minecraft:iron_axe":1,"minecraft:cooked_salmon":7,"minecraft:bone":4,"minecraft:cobbled_deepslate":142,"minecraft:beef":7,"minecraft:iron_ingot":18,"minecraft:iron_pickaxe":1,"minecraft:oak_planks":25,"minecraft:furnace":3,"minecraft:stick":7,"minecraft:oak_door":1,"minecraft:porkchop":6,"minecraft:spruce_sapling":1,"minecraft:spruce_log":5,"minecraft:arrow":3,"minecraft:rotten_flesh":3,"minecraft:diamond_chestplate":2,"minecraft:stone_axe":1,"minecraft:granite":3,"minecraft:oak_sapling":2,"minecraft:mutton":3,"minecraft:coal":68,"minecraft:white_wool":2,"minecraft:cobblestone":92},"minecraft:dropped":{"minecraft:water_bucket":1,"minecraft:stone_axe":1},"minecraft:killed":{"minecraft:pig":4,"minecraft:salmon":28,"minecraft:sheep":2,"minecraft:skeleton":1,"minecraft:zombie":6,"minecraft:cow":3}},"DataVersion":3955}