{"stats":{"minecraft:crafted":{"minecraft:oak_door":3,"minecraft:oak_planks":84,"minecraft:shield":1,"minecraft:iron_axe":1,"minecraft:crafting_table":3,"minecraft:spruce_planks":20,"minecraft:stick":16,"minecraft:wooden_pickaxe":2,"minecraft:iron_pickaxe":1,"minecraft:stone_pickaxe":1,"minecraft:furnace":2,"minecraft:cooked_salmon":5,"minecraft:bucket":1,"minecraft:stone_axe":1,"minecraft:air":0},"minecraft:used":{"minecraft:iron_axe":21,"minecraft:stone_pickaxe":24,"minecraft:wooden_pickaxe":18,"minecraft:cooked_salmon":4,"minecraft:spruce_sapling":1,"minecraft:diamond_chestplate":1,"minecraft:oak_door":3,"minecraft:stone_axe":11,"minecraft:dirt":1,"minecraft:cobblestone":9,"minecraft:crafting_table":5,"minecraft:furnace":2,"minecraft:oak_sapling":1,"minecraft:bucket":1},"minecraft:mined":{"minecraft:large_fern":1,"minecraft:furnace":1,"minecraft:fire":8,"minecraft:spruce_log":5,"minecraft:crafting_table":3,"minecraft:granite":3,"minecraft:grass_block":1,"minecraft:oak_log":24,"minecraft:coal_ore":4,"minecraft:cobblestone":6,"minecraft:spruce_leaves":1,"minecraft:stone":28,"minecraft:oak_leaves":1,"minecraft:fern":1},"minecraft:picked_up":{"minecraft:crafting_table":3,"minecraft:stick":7,"minecraft:oak_door":1,"minecraft:salmon":20,"minecraft:leather":1,"minecraft:oak_log":37,"minecraft:spruce_sapling":1,"minecraft:spruce_log":5,"minecraft:dirt":1,"minecraft:bone":4,"minecraft:cooked_salmon":3,"minecraft:arrow":3,"minecraft:diamond_chestplate":2,"minecraft:cobbled_deepslate":71,"minecraft:beef":3,"minecraft:iron_ingot":17,"minecraft:granite":3,"minecraft:iron_pickaxe":1,"minecraft:oak_sapling":1,"minecraft:oak_planks":25,"minecraft:coal":4,"minecraft:cobblestone":54,"minecraft:furnace":1},"minecraft:dropped":{"minecraft:water_bucket":1},"minecraft:custom":{"minecraft:time_since_rest":3477,"minecraft:interact_with_furnace":16,"minecraft:sprint_one_cm":60597,"minecraft:damage_taken":1070,"minecraft:walk_one_cm":59922,"minecraft:mob_kills":24,"minecraft:drop":1,"minecraft:damage_dealt":970,"minecraft:swim_one_cm":76557,"minecraft:interact_with_crafting_table":10,"minecraft:fly_one_cm":113227,"minecraft:crouch_one_cm":5103,"minecraft:play_time":44093,"minecraft:deaths":3,"minecraft:sneak_time":3868,"minecraft:walk_under_water_one_cm":61545,"minecraft:jump":828,"minecraft:leave_game":1,"minecraft:time_since_death":3237,"minecraft:walk_on_water_one_cm":16829,"minecraft:total_world_time":44093,"minecraft:fall_one_cm":30541},"minecraft:killed":{"minecraft:skeleton":1,"minecraft:salmon":22,"minecraft:cow":1}},"DataVersion":3955}