{"stats":{"minecraft:killed_by":{"minecraft:bogged":1},"minecraft:crafted":{"minecraft:oak_door":3,"minecraft:oak_planks":348,"minecraft:furnace":4,"minecraft:cooked_mutton":11,"minecraft:oak_trapdoor":2,"minecraft:iron_axe":1,"minecraft:stone_pickaxe":2,"minecraft:chest":1,"minecraft:wheat":117,"minecraft:cooked_beef":24,"minecraft:oak_slab":78,"minecraft:cooked_porkchop":9,"minecraft:crafting_table":6,"minecraft:spruce_planks":20,"minecraft:wooden_pickaxe":3,"minecraft:cooked_salmon":12,"minecraft:fletching_table":2,"minecraft:bucket":1,"minecraft:stone_axe":4,"minecraft:bread":40,"minecraft:air":0,"minecraft:oak_boat":8,"minecraft:shield":1,"minecraft:stick":32,"minecraft:iron_pickaxe":1,"minecraft:iron_shovel":1,"minecraft:white_bed":1,"minecraft:torch":8},"minecraft:broken":{"minecraft:stone_axe":2},"minecraft:mined":{"minecraft:white_bed":2,"minecraft:oak_door":1,"minecraft:brewing_stand":1,"minecraft:granite":3,"minecraft:grass_block":37,"minecraft:decorated_pot":4,"minecraft:spruce_leaves":1,"minecraft:chiseled_tuff_bricks":1,"minecraft:composter":3,"minecraft:tuff_bricks":3,"minecraft:large_fern":1,"minecraft:hay_block":13,"minecraft:oak_trapdoor":2,"minecraft:carrots":20,"minecraft:furnace":2,"minecraft:iron_ore":15,"minecraft:fire":8,"minecraft:polished_tuff":2,"minecraft:andesite":1,"minecraft:gold_block":1,"minecraft:bell":1,"minecraft:potatoes":12,"minecraft:dirt_path":42,"minecraft:stone":73,"minecraft:oak_slab":2,"minecraft:smoker":1,"minecraft:dandelion":1,"minecraft:oak_fence":9,"minecraft:crafting_table":6,"minecraft:cornflower":1,"minecraft:torch":6,"minecraft:short_grass":17,"minecraft:lectern":1,"minecraft:tall_grass":1,"minecraft:cobblestone":9,"minecraft:grindstone":1,"minecraft:oak_planks":26,"minecraft:diorite":1,"minecraft:wall_torch":11,"minecraft:seagrass":3,"minecraft:wheat":42,"minecraft:spruce_log":5,"minecraft:waxed_copper_block":2,"minecraft:yellow_bed":5,"minecraft:coal_ore":40,"minecraft:oak_log":89,"minecraft:beetroots":3,"minecraft:gravel":21,"minecraft:sand":1,"minecraft:dirt":34,"minecraft:stonecutter":1,"minecraft:netherrack":8,"minecraft:oak_leaves":2,"minecraft:fern":1},"minecraft:used":{"minecraft:oak_trapdoor":4,"minecraft:oak_fence":1,"minecraft:iron_shovel":120,"minecraft:chest":1,"minecraft:shield":6,"minecraft:bell":1,"minecraft:cooked_salmon":10,"minecraft:oak_door":3,"minecraft:torch":20,"minecraft:dirt":102,"minecraft:carrot":44,"minecraft:iron_axe":31,"minecraft:diamond_chestplate":1,"minecraft:furnace":5,"minecraft:oak_sapling":2,"minecraft:egg":1,"minecraft:potato":17,"minecraft:cooked_beef":4,"minecraft:cobbled_deepslate":9,"minecraft:water_bucket":1,"minecraft:stone_pickaxe":130,"minecraft:oak_planks":101,"minecraft:wooden_pickaxe":32,"minecraft:diamond_axe":4,"minecraft:fletching_table":2,"minecraft:salmon":2,"minecraft:sand":1,"minecraft:crafting_table":10,"minecraft:oak_slab":68,"minecraft:white_bed":3,"minecraft:smoker":1,"minecraft:black_wool":1,"minecraft:cornflower":1,"minecraft:bread":11,"minecraft:iron_pickaxe":9,"minecraft:lectern":1,"minecraft:gravel":17,"minecraft:spruce_sapling":1,"minecraft:stone_axe":251,"minecraft:cobblestone":33,"minecraft:cooked_porkchop":6,"minecraft:bucket":2,"minecraft:yellow_bed":5,"minecraft:oak_boat":9,"minecraft:dandelion":1},"minecraft:custom":{"minecraft:mob_kills":85,"minecraft:interact_with_crafting_table":39,"minecraft:bell_ring":4,"minecraft:leave_game":2,"minecraft:time_since_death":6728,"minecraft:climb_one_cm":1197,"minecraft:sprint_one_cm":254005,"minecraft:walk_one_cm":378750,"minecraft:damage_blocked_by_shield":110,"minecraft:drop":28,"minecraft:talked_to_villager":16,"minecraft:play_time":172006,"minecraft:deaths":5,"minecraft:sneak_time":7080,"minecraft:walk_under_water_one_cm":68342,"minecraft:boat_one_cm":44775,"minecraft:jump":2579,"minecraft:walk_on_water_one_cm":30791,"minecraft:total_world_time":172006,"minecraft:interact_with_furnace":39,"minecraft:sleep_in_bed":3,"minecraft:time_since_rest":6759,"minecraft:damage_taken":3332,"minecraft:damage_dealt":8802,"minecraft:swim_one_cm":155421,"minecraft:fly_one_cm":440069,"minecraft:open_chest":31,"minecraft:crouch_one_cm":14284,"minecraft:interact_with_smoker":9,"minecraft:fall_one_cm":76276},"minecraft:dropped":{"minecraft:water_bucket":1,"minecraft:wheat_seeds":38,"minecraft:sand":1,"minecraft:string":1,"minecraft:dandelion":2,"minecraft:bone":1,"minecraft:stone_axe":1,"minecraft:wheat":8,"minecraft:composter":3,"minecraft:rotten_flesh":14,"minecraft:grindstone":1,"minecraft:potato":3,"minecraft:gunpowder":1,"minecraft:beetroot_seeds":3,"minecraft:spider_eye":2,"minecraft:arrow":1},"minecraft:picked_up":{"minecraft:fishing_rod":1,"minecraft:crafting_table":6,"minecraft:wheat":11,"minecraft:gold_block":2,"minecraft:brewing_stand":1,"minecraft:shield":1,"minecraft:brick":16,"minecraft:cornflower":1,"minecraft:oak_trapdoor":2,"minecraft:string":2,"minecraft:iron_axe":1,"minecraft:cooked_salmon":7,"minecraft:flint_and_steel":1,"minecraft:beetroot":2,"minecraft:diamond_leggings":1,"minecraft:gold_nugget":9,"minecraft:cobbled_deepslate":349,"minecraft:beef":27,"minecraft:oak_boat":8,"minecraft:iron_pickaxe":2,"minecraft:lectern":1,"minecraft:egg":1,"minecraft:furnace":3,"minecraft:raw_iron":30,"minecraft:stick":7,"minecraft:oak_door":2,"minecraft:composter":3,"minecraft:oak_fence":9,"minecraft:torch":24,"minecraft:porkchop":15,"minecraft:diorite":1,"minecraft:carrot":44,"minecraft:diamond_chestplate":3,"minecraft:arrow":8,"minecraft:rotten_flesh":23,"minecraft:beetroot_seeds":8,"minecraft:diamond_boots":1,"minecraft:hay_block":13,"minecraft:gold_ingot":6,"minecraft:saddle":1,"minecraft:tuff_bricks":3,"minecraft:obsidian":6,"minecraft:mutton":16,"minecraft:white_wool":10,"minecraft:cobblestone":114,"minecraft:cooked_beef":3,"minecraft:water_bucket":2,"minecraft:andesite":1,"minecraft:salmon":36,"minecraft:leather":16,"minecraft:smoker":1,"minecraft:potato":27,"minecraft:flint":4,"minecraft:oak_log":127,"minecraft:ancient_debris":4,"minecraft:yellow_bed":5,"minecraft:gunpowder":16,"minecraft:dirt":107,"minecraft:cooked_mutton":3,"minecraft:bone":5,"minecraft:stonecutter":1,"minecraft:wheat_seeds":56,"minecraft:raw_gold":14,"minecraft:bell":1,"minecraft:iron_ingot":55,"minecraft:grindstone":2,"minecraft:diamond_helmet":1,"minecraft:oak_planks":79,"minecraft:oak_slab":3,"minecraft:dandelion":3,"minecraft:gravel":17,"minecraft:sand":2,"minecraft:spruce_sapling":1,"minecraft:white_bed":2,"minecraft:spruce_log":5,"minecraft:spider_eye":3,"minecraft:diamond":54,"minecraft:stone_axe":1,"minecraft:diamond_axe":1,"minecraft:granite":3,"minecraft:golden_apple":1,"minecraft:netherrack":220,"minecraft:oak_sapling":2,"minecraft:black_wool":1,"minecraft:chiseled_tuff_bricks":1,"minecraft:coal":102,"minecraft:diamond_pickaxe":1,"minecraft:ender_pearl":1},"minecraft:killed":{"minecraft:spider":5,"minecraft:skeleton":2,"minecraft:pig":7,"minecraft:zombie_villager":1,"minecraft:salmon":28,"minecraft:creeper":1,"minecraft:sheep":11,"minecraft:zombie":12,"minecraft:cow":17}},"DataVersion":3955}