{"stats":{"minecraft:crafted":{"minecraft:oak_door":3,"minecraft:oak_planks":148,"minecraft:crafting_table":4,"minecraft:spruce_planks":20,"minecraft:wooden_pickaxe":3,"minecraft:furnace":2,"minecraft:cooked_salmon":12,"minecraft:bucket":1,"minecraft:stone_axe":2,"minecraft:air":0,"minecraft:shield":1,"minecraft:iron_axe":1,"minecraft:stick":24,"minecraft:iron_pickaxe":1,"minecraft:stone_pickaxe":2},"minecraft:mined":{"minecraft:crafting_table":5,"minecraft:granite":3,"minecraft:grass_block":4,"minecraft:cobblestone":6,"minecraft:spruce_leaves":1,"minecraft:large_fern":1,"minecraft:seagrass":2,"minecraft:furnace":1,"minecraft:fire":8,"minecraft:spruce_log":5,"minecraft:gold_block":1,"minecraft:oak_log":40,"minecraft:coal_ore":37,"minecraft:dirt":2,"minecraft:stone":54,"minecraft:netherrack":8,"minecraft:oak_leaves":2,"minecraft:fern":1},"minecraft:used":{"minecraft:stone_pickaxe":69,"minecraft:wooden_pickaxe":32,"minecraft:cooked_salmon":6,"minecraft:oak_door":3,"minecraft:dirt":3,"minecraft:crafting_table":6,"minecraft:iron_axe":31,"minecraft:iron_pickaxe":9,"minecraft:spruce_sapling":1,"minecraft:stone_axe":22,"minecraft:diamond_chestplate":1,"minecraft:cobblestone":9,"minecraft:oak_sapling":2,"minecraft:furnace":2,"minecraft:bucket":1,"minecraft:cobbled_deepslate":9},"minecraft:custom":{"minecraft:interact_with_furnace":24,"minecraft:mob_kills":33,"minecraft:interact_with_crafting_table":12,"minecraft:leave_game":2,"minecraft:time_since_death":21133,"minecraft:time_since_rest":21581,"minecraft:sprint_one_cm":82156,"minecraft:damage_taken":1434,"minecraft:walk_one_cm":85426,"minecraft:drop":1,"minecraft:damage_dealt":1471,"minecraft:swim_one_cm":95086,"minecraft:fly_one_cm":146374,"minecraft:crouch_one_cm":8292,"minecraft:play_time":70006,"minecraft:deaths":4,"minecraft:sneak_time":5187,"minecraft:walk_under_water_one_cm":65484,"minecraft:jump":1121,"minecraft:walk_on_water_one_cm":21279,"minecraft:total_world_time":70006,"minecraft:fall_one_cm":39556},"minecraft:picked_up":{"minecraft:crafting_table":5,"minecraft:salmon":33,"minecraft:leather":1,"minecraft:gold_block":1,"minecraft:oak_log":53,"minecraft:dirt":5,"minecraft:iron_axe":1,"minecraft:cooked_salmon":3,"minecraft:bone":4,"minecraft:cobbled_deepslate":142,"minecraft:beef":3,"minecraft:iron_ingot":17,"minecraft:iron_pickaxe":1,"minecraft:oak_planks":25,"minecraft:furnace":2,"minecraft:stick":7,"minecraft:oak_door":1,"minecraft:porkchop":4,"minecraft:spruce_sapling":1,"minecraft:spruce_log":5,"minecraft:arrow":3,"minecraft:diamond_chestplate":2,"minecraft:granite":3,"minecraft:oak_sapling":2,"minecraft:coal":37,"minecraft:cobblestone":92},"minecraft:dropped":{"minecraft:water_bucket":1},"minecraft:killed":{"minecraft:pig":3,"minecraft:salmon":28,"minecraft:skeleton":1,"minecraft:cow":1}},"DataVersion":3955}