{"stats":{"minecraft:picked_up":{"minecraft:fishing_rod":1,"minecraft:crafting_table":7,"minecraft:wheat":11,"minecraft:oak_stairs":2,"minecraft:gold_block":2,"minecraft:brewing_stand":1,"minecraft:brick":35,"minecraft:shield":3,"minecraft:cornflower":1,"minecraft:oak_trapdoor":2,"minecraft:string":2,"minecraft:iron_axe":1,"minecraft:cooked_salmon":7,"minecraft:flint_and_steel":1,"minecraft:beetroot":2,"minecraft:diamond_leggings":1,"minecraft:gold_nugget":9,"minecraft:cobbled_deepslate":387,"minecraft:beef":33,"minecraft:oak_boat":8,"minecraft:iron_pickaxe":5,"minecraft:lectern":1,"minecraft:chest":2,"minecraft:furnace":6,"minecraft:egg":2,"minecraft:tipped_arrow":2,"minecraft:stick":33,"minecraft:raw_iron":112,"minecraft:oak_door":2,"minecraft:composter":3,"minecraft:oak_fence":9,"minecraft:torch":33,"minecraft:porkchop":15,"minecraft:diorite":1,"minecraft:carrot":44,"minecraft:arrow":25,"minecraft:rotten_flesh":37,"minecraft:diamond_chestplate":3,"minecraft:beetroot_seeds":8,"minecraft:diamond_boots":1,"minecraft:hay_block":13,"minecraft:saddle":1,"minecraft:gold_ingot":6,"minecraft:tuff_bricks":3,"minecraft:obsidian":6,"minecraft:mutton":19,"minecraft:white_wool":11,"minecraft:cobblestone":142,"minecraft:cooked_beef":5,"minecraft:salmon":36,"minecraft:water_bucket":4,"minecraft:andesite":1,"minecraft:leather":16,"minecraft:smoker":1,"minecraft:potato":27,"minecraft:flint":4,"minecraft:tuff":6,"minecraft:oak_log":155,"minecraft:ancient_debris":4,"minecraft:yellow_bed":5,"minecraft:gunpowder":16,"minecraft:dirt":120,"minecraft:cooked_mutton":4,"minecraft:bone":34,"minecraft:stonecutter":1,"minecraft:bow":4,"minecraft:wheat_seeds":56,"minecraft:raw_gold":14,"minecraft:bell":1,"minecraft:grindstone":2,"minecraft:iron_ingot":59,"minecraft:diamond_helmet":1,"minecraft:scrape_pottery_sherd":2,"minecraft:oak_planks":142,"minecraft:oak_slab":3,"minecraft:cooked_porkchop":2,"minecraft:dandelion":3,"minecraft:gravel":17,"minecraft:sand":2,"minecraft:spruce_sapling":1,"minecraft:white_bed":2,"minecraft:spruce_log":5,"minecraft:spider_eye":3,"minecraft:diamond":62,"minecraft:stone_axe":3,"minecraft:granite":3,"minecraft:diamond_axe":1,"minecraft:golden_apple":1,"minecraft:emerald":2,"minecraft:bread":1,"minecraft:oak_sapling":2,"minecraft:netherrack":220,"minecraft:black_wool":1,"minecraft:chiseled_tuff_bricks":1,"minecraft:coal":102,"minecraft:diamond_pickaxe":1,"minecraft:ender_pearl":1},"minecraft:used":{"minecraft:oak_fence":1,"minecraft:oak_trapdoor":4,"minecraft:iron_shovel":120,"minecraft:oak_sign":3,"minecraft:chest":5,"minecraft:shield":58,"minecraft:bell":1,"minecraft:cooked_salmon":11,"minecraft:oak_door":3,"minecraft:torch":27,"minecraft:dirt":115,"minecraft:carrot":44,"minecraft:tuff":5,"minecraft:iron_axe":31,"minecraft:diamond_chestplate":1,"minecraft:bow":1,"minecraft:oak_sapling":2,"minecraft:furnace":8,"minecraft:egg":2,"minecraft:potato":17,"minecraft:cooked_beef":8,"minecraft:cobbled_deepslate":36,"minecraft:water_bucket":3,"minecraft:stone_pickaxe":139,"minecraft:oak_planks":101,"minecraft:wooden_pickaxe":41,"minecraft:diamond_axe":54,"minecraft:fletching_table":2,"minecraft:white_wool":1,"minecraft:salmon":2,"minecraft:sand":1,"minecraft:oak_slab":68,"minecraft:crafting_table":13,"minecraft:white_bed":3,"minecraft:smoker":1,"minecraft:black_wool":1,"minecraft:cornflower":1,"minecraft:diamond_pickaxe":221,"minecraft:bread":12,"minecraft:iron_pickaxe":93,"minecraft:lectern":1,"minecraft:gravel":17,"minecraft:spruce_sapling":1,"minecraft:stone_axe":294,"minecraft:cobblestone":46,"minecraft:cooked_porkchop":12,"minecraft:bucket":4,"minecraft:yellow_bed":5,"minecraft:oak_boat":9,"minecraft:dandelion":1},"minecraft:custom":{"minecraft:mob_kills":112,"minecraft:interact_with_crafting_table":46,"minecraft:bell_ring":4,"minecraft:leave_game":8,"minecraft:time_since_death":7056,"minecraft:climb_one_cm":2281,"minecraft:sprint_one_cm":369889,"minecraft:walk_one_cm":502604,"minecraft:damage_blocked_by_shield":1367,"minecraft:drop":34,"minecraft:talked_to_villager":16,"minecraft:play_time":242298,"minecraft:sneak_time":8988,"minecraft:deaths":7,"minecraft:walk_under_water_one_cm":73124,"minecraft:boat_one_cm":44775,"minecraft:jump":3962,"minecraft:walk_on_water_one_cm":49920,"minecraft:total_world_time":242298,"minecraft:interact_with_furnace":49,"minecraft:sleep_in_bed":3,"minecraft:time_since_rest":7220,"minecraft:damage_taken":4552,"minecraft:damage_dealt":12317,"minecraft:swim_one_cm":172236,"minecraft:fly_one_cm":714408,"minecraft:open_chest":49,"minecraft:crouch_one_cm":17858,"minecraft:interact_with_smoker":11,"minecraft:fall_one_cm":116848},"minecraft:mined":{"minecraft:tuff":6,"minecraft:white_bed":2,"minecraft:deepslate_diamond_ore":4,"minecraft:oak_door":1,"minecraft:brewing_stand":1,"minecraft:granite":3,"minecraft:grass_block":39,"minecraft:decorated_pot":10,"minecraft:spruce_leaves":1,"minecraft:chiseled_tuff_bricks":1,"minecraft:composter":3,"minecraft:red_mushroom":1,"minecraft:tuff_bricks":13,"minecraft:large_fern":1,"minecraft:hay_block":13,"minecraft:oak_trapdoor":2,"minecraft:furnace":4,"minecraft:carrots":20,"minecraft:iron_ore":33,"minecraft:cobbled_deepslate":6,"minecraft:fire":8,"minecraft:polished_tuff":2,"minecraft:andesite":1,"minecraft:gold_block":1,"minecraft:bell":1,"minecraft:potatoes":12,"minecraft:dirt_path":42,"minecraft:deepslate_iron_ore":24,"minecraft:oak_stairs":2,"minecraft:stone":263,"minecraft:oak_slab":2,"minecraft:waxed_exposed_copper_bulb":1,"minecraft:smoker":1,"minecraft:dandelion":1,"minecraft:oak_fence":9,"minecraft:crafting_table":7,"minecraft:cornflower":1,"minecraft:torch":6,"minecraft:short_grass":17,"minecraft:chest":2,"minecraft:lectern":1,"minecraft:tall_grass":1,"minecraft:cobblestone":27,"minecraft:grindstone":1,"minecraft:oak_planks":28,"minecraft:diorite":4,"minecraft:wall_torch":16,"minecraft:seagrass":3,"minecraft:wheat":42,"minecraft:spruce_log":5,"minecraft:waxed_copper_block":2,"minecraft:yellow_bed":5,"minecraft:oak_log":116,"minecraft:coal_ore":40,"minecraft:beetroots":3,"minecraft:gravel":25,"minecraft:sand":1,"minecraft:dirt":53,"minecraft:stonecutter":1,"minecraft:netherrack":8,"minecraft:oak_leaves":3,"minecraft:deepslate":24,"minecraft:fern":1},"minecraft:crafted":{"minecraft:oak_door":3,"minecraft:oak_planks":436,"minecraft:oak_sign":6,"minecraft:furnace":5,"minecraft:cooked_mutton":12,"minecraft:oak_trapdoor":2,"minecraft:iron_axe":1,"minecraft:stone_pickaxe":3,"minecraft:chest":3,"minecraft:wheat":117,"minecraft:cooked_beef":27,"minecraft:oak_slab":78,"minecraft:cooked_porkchop":15,"minecraft:crafting_table":8,"minecraft:spruce_planks":20,"minecraft:wooden_pickaxe":4,"minecraft:cooked_salmon":13,"minecraft:fletching_table":2,"minecraft:bucket":1,"minecraft:stone_axe":6,"minecraft:bread":40,"minecraft:air":0,"minecraft:oak_boat":8,"minecraft:shield":1,"minecraft:stick":52,"minecraft:iron_pickaxe":1,"minecraft:iron_shovel":1,"minecraft:white_bed":1,"minecraft:torch":8},"minecraft:dropped":{"minecraft:water_bucket":1,"minecraft:wheat_seeds":38,"minecraft:scrape_pottery_sherd":1,"minecraft:sand":1,"minecraft:iron_pickaxe":1,"minecraft:string":1,"minecraft:dandelion":2,"minecraft:bone":1,"minecraft:stone_axe":1,"minecraft:wheat":8,"minecraft:composter":3,"minecraft:rotten_flesh":16,"minecraft:grindstone":1,"minecraft:oak_planks":4,"minecraft:potato":3,"minecraft:tipped_arrow":1,"minecraft:gunpowder":1,"minecraft:beetroot_seeds":3,"minecraft:spider_eye":2,"minecraft:arrow":1},"minecraft:broken":{"minecraft:stone_axe":2},"minecraft:killed":{"minecraft:bogged":2,"minecraft:spider":6,"minecraft:skeleton":6,"minecraft:silverfish":4,"minecraft:pig":7,"minecraft:zombie_villager":2,"minecraft:salmon":28,"minecraft:creeper":1,"minecraft:sheep":13,"minecraft:zombie":24,"minecraft:cow":18},"minecraft:killed_by":{"minecraft:bogged":1}},"DataVersion":3955}