{"stats":{"minecraft:crafted":{"minecraft:oak_door":3,"minecraft:oak_planks":344,"minecraft:furnace":3,"minecraft:cooked_mutton":11,"minecraft:oak_trapdoor":2,"minecraft:iron_axe":1,"minecraft:stone_pickaxe":2,"minecraft:chest":1,"minecraft:cooked_beef":4,"minecraft:oak_slab":78,"minecraft:cooked_porkchop":6,"minecraft:crafting_table":5,"minecraft:spruce_planks":20,"minecraft:wooden_pickaxe":3,"minecraft:cooked_salmon":12,"minecraft:bucket":1,"minecraft:stone_axe":3,"minecraft:air":0,"minecraft:oak_boat":8,"minecraft:shield":1,"minecraft:stick":32,"minecraft:iron_pickaxe":1,"minecraft:iron_shovel":1,"minecraft:white_bed":1},"minecraft:broken":{"minecraft:stone_axe":2},"minecraft:mined":{"minecraft:white_bed":1,"minecraft:oak_door":1,"minecraft:brewing_stand":1,"minecraft:granite":3,"minecraft:grass_block":35,"minecraft:spruce_leaves":1,"minecraft:composter":3,"minecraft:large_fern":1,"minecraft:hay_block":13,"minecraft:oak_trapdoor":2,"minecraft:carrots":11,"minecraft:furnace":2,"minecraft:fire":8,"minecraft:gold_block":1,"minecraft:bell":1,"minecraft:potatoes":7,"minecraft:dirt_path":42,"minecraft:stone":69,"minecraft:oak_slab":2,"minecraft:smoker":1,"minecraft:dandelion":1,"minecraft:oak_fence":9,"minecraft:crafting_table":6,"minecraft:cornflower":1,"minecraft:torch":3,"minecraft:short_grass":16,"minecraft:lectern":1,"minecraft:tall_grass":1,"minecraft:cobblestone":6,"minecraft:grindstone":1,"minecraft:oak_planks":26,"minecraft:wall_torch":6,"minecraft:seagrass":3,"minecraft:wheat":31,"minecraft:spruce_log":5,"minecraft:yellow_bed":5,"minecraft:coal_ore":37,"minecraft:oak_log":89,"minecraft:beetroots":3,"minecraft:sand":1,"minecraft:dirt":23,"minecraft:stonecutter":1,"minecraft:netherrack":8,"minecraft:oak_leaves":2,"minecraft:fern":1},"minecraft:used":{"minecraft:oak_trapdoor":4,"minecraft:oak_fence":1,"minecraft:iron_shovel":97,"minecraft:chest":1,"minecraft:bell":1,"minecraft:cooked_salmon":10,"minecraft:oak_door":3,"minecraft:torch":12,"minecraft:dirt":51,"minecraft:carrot":21,"minecraft:iron_axe":31,"minecraft:diamond_chestplate":1,"minecraft:furnace":4,"minecraft:oak_sapling":2,"minecraft:egg":1,"minecraft:potato":12,"minecraft:cooked_beef":1,"minecraft:cobbled_deepslate":9,"minecraft:stone_pickaxe":92,"minecraft:oak_planks":101,"minecraft:wooden_pickaxe":32,"minecraft:sand":1,"minecraft:crafting_table":9,"minecraft:oak_slab":68,"minecraft:white_bed":2,"minecraft:smoker":1,"minecraft:cornflower":1,"minecraft:bread":7,"minecraft:iron_pickaxe":9,"minecraft:lectern":1,"minecraft:spruce_sapling":1,"minecraft:stone_axe":208,"minecraft:cobblestone":33,"minecraft:cooked_porkchop":6,"minecraft:bucket":1,"minecraft:yellow_bed":5,"minecraft:oak_boat":9,"minecraft:dandelion":1},"minecraft:custom":{"minecraft:mob_kills":74,"minecraft:interact_with_crafting_table":32,"minecraft:bell_ring":4,"minecraft:leave_game":2,"minecraft:time_since_death":93133,"minecraft:climb_one_cm":1197,"minecraft:sprint_one_cm":190149,"minecraft:walk_one_cm":291137,"minecraft:drop":23,"minecraft:talked_to_villager":15,"minecraft:play_time":142006,"minecraft:deaths":4,"minecraft:sneak_time":5826,"minecraft:walk_under_water_one_cm":67863,"minecraft:boat_one_cm":44775,"minecraft:jump":2134,"minecraft:walk_on_water_one_cm":24303,"minecraft:total_world_time":142006,"minecraft:interact_with_furnace":37,"minecraft:sleep_in_bed":2,"minecraft:time_since_rest":32103,"minecraft:damage_taken":2499,"minecraft:damage_dealt":7207,"minecraft:swim_one_cm":155421,"minecraft:fly_one_cm":349312,"minecraft:open_chest":20,"minecraft:crouch_one_cm":10069,"minecraft:interact_with_smoker":6,"minecraft:fall_one_cm":61553},"minecraft:picked_up":{"minecraft:crafting_table":6,"minecraft:wheat":5,"minecraft:gold_block":1,"minecraft:brewing_stand":1,"minecraft:cornflower":1,"minecraft:oak_trapdoor":2,"minecraft:string":1,"minecraft:iron_axe":1,"minecraft:cooked_salmon":7,"minecraft:beetroot":2,"minecraft:cobbled_deepslate":142,"minecraft:beef":21,"minecraft:oak_boat":8,"minecraft:iron_pickaxe":1,"minecraft:lectern":1,"minecraft:egg":1,"minecraft:furnace":3,"minecraft:stick":7,"minecraft:oak_door":2,"minecraft:composter":3,"minecraft:oak_fence":9,"minecraft:torch":12,"minecraft:porkchop":9,"minecraft:carrot":21,"minecraft:diamond_chestplate":2,"minecraft:arrow":4,"minecraft:rotten_flesh":22,"minecraft:beetroot_seeds":8,"minecraft:hay_block":13,"minecraft:mutton":14,"minecraft:white_wool":10,"minecraft:cobblestone":107,"minecraft:salmon":33,"minecraft:leather":9,"minecraft:smoker":1,"minecraft:potato":20,"minecraft:oak_log":102,"minecraft:yellow_bed":5,"minecraft:gunpowder":1,"minecraft:dirt":97,"minecraft:cooked_mutton":3,"minecraft:bone":5,"minecraft:stonecutter":1,"minecraft:wheat_seeds":40,"minecraft:bell":1,"minecraft:iron_ingot":18,"minecraft:grindstone":2,"minecraft:oak_planks":79,"minecraft:oak_slab":3,"minecraft:dandelion":3,"minecraft:sand":2,"minecraft:spruce_sapling":1,"minecraft:white_bed":1,"minecraft:spruce_log":5,"minecraft:spider_eye":2,"minecraft:stone_axe":1,"minecraft:granite":3,"minecraft:oak_sapling":2,"minecraft:coal":68,"minecraft:ender_pearl":1},"minecraft:dropped":{"minecraft:water_bucket":1,"minecraft:wheat_seeds":22,"minecraft:sand":1,"minecraft:string":1,"minecraft:dandelion":2,"minecraft:bone":1,"minecraft:stone_axe":1,"minecraft:wheat":2,"minecraft:composter":3,"minecraft:rotten_flesh":14,"minecraft:grindstone":1,"minecraft:potato":1,"minecraft:gunpowder":1,"minecraft:beetroot_seeds":3,"minecraft:spider_eye":2,"minecraft:arrow":1},"minecraft:killed":{"minecraft:spider":3,"minecraft:skeleton":2,"minecraft:pig":5,"minecraft:zombie_villager":1,"minecraft:salmon":28,"minecraft:creeper":1,"minecraft:sheep":10,"minecraft:zombie":11,"minecraft:cow":13}},"DataVersion":3955}