{"stats":{"minecraft:picked_up":{"minecraft:birch_log":2,"minecraft:feather":3,"minecraft:crafting_table":3,"minecraft:chicken":2,"minecraft:porkchop":4,"minecraft:oak_log":7,"minecraft:egg":1,"minecraft:coal":4,"minecraft:cobblestone":31},"minecraft:used":{"minecraft:wooden_axe":15,"minecraft:crafting_table":3,"minecraft:stone_pickaxe":32,"minecraft:oak_boat":1,"minecraft:wooden_pickaxe":3},"minecraft:custom":{"minecraft:time_since_rest":5634,"minecraft:play_time":5634,"minecraft:sprint_one_cm":15073,"minecraft:damage_taken":40,"minecraft:walk_one_cm":11505,"minecraft:mob_kills":4,"minecraft:boat_one_cm":63349,"minecraft:drop":1,"minecraft:jump":73,"minecraft:damage_dealt":280,"minecraft:time_since_death":5634,"minecraft:total_world_time":5634,"minecraft:fall_one_cm":3553,"minecraft:interact_with_crafting_table":4,"minecraft:fly_one_cm":14315},"minecraft:crafted":{"minecraft:oak_boat":1,"minecraft:oak_planks":28,"minecraft:wooden_hoe":1,"minecraft:crafting_table":1,"minecraft:stick":12,"minecraft:wooden_pickaxe":1,"minecraft:stone_pickaxe":1,"minecraft:wooden_axe":1},"minecraft:mined":{"minecraft:coal_ore":4,"minecraft:oak_log":7,"minecraft:birch_log":2,"minecraft:stone":31,"minecraft:birch_leaves":1,"minecraft:oak_leaves":3,"minecraft:crafting_table":3},"minecraft:dropped":{"minecraft:wooden_pickaxe":1},"minecraft:killed":{"minecraft:pig":2,"minecraft:chicken":2}},"DataVersion":3955}