{"stats":{"minecraft:killed_by":{"minecraft:drowned":1,"minecraft:zombie":1},"minecraft:crafted":{"minecraft:oak_planks":60,"minecraft:furnace":4,"minecraft:cooked_mutton":4,"minecraft:flint_and_steel":1,"minecraft:diamond_helmet":1,"minecraft:diamond_leggings":1,"minecraft:stone_pickaxe":1,"minecraft:chest":1,"minecraft:diamond_boots":1,"minecraft:cooked_beef":5,"minecraft:diamond_axe":1,"minecraft:crafting_table":3,"minecraft:wooden_pickaxe":1,"minecraft:cooked_salmon":8,"minecraft:stone_axe":1,"minecraft:air":0,"minecraft:oak_boat":1,"minecraft:iron_chestplate":1,"minecraft:diamond_pickaxe":1,"minecraft:stick":20,"minecraft:iron_ingot":51,"minecraft:iron_pickaxe":1,"minecraft:wooden_axe":1,"minecraft:diamond_chestplate":2},"minecraft:used":{"minecraft:flint_and_steel":50,"minecraft:chest":1,"minecraft:cooked_salmon":8,"minecraft:cooked_chicken":1,"minecraft:netherrack":88,"minecraft:torch":10,"minecraft:dirt":1,"minecraft:carrot":44,"minecraft:obsidian":2,"minecraft:wooden_axe":36,"minecraft:lava_bucket":5,"minecraft:furnace":8,"minecraft:egg":1,"minecraft:cooked_beef":10,"minecraft:potato":2,"minecraft:cobbled_deepslate":203,"minecraft:cooked_mutton":6,"minecraft:water_bucket":28,"minecraft:stone_pickaxe":42,"minecraft:wooden_pickaxe":14,"minecraft:diamond_axe":60,"minecraft:mossy_cobblestone":2,"minecraft:sand":2,"minecraft:crafting_table":10,"minecraft:diamond_pickaxe":1059,"minecraft:black_wool":1,"minecraft:iron_pickaxe":203,"minecraft:gravel":2,"minecraft:stone_axe":28,"minecraft:fishing_rod":21,"minecraft:cobblestone":28,"minecraft:andesite":2,"minecraft:bucket":34,"minecraft:oak_boat":1},"minecraft:mined":{"minecraft:nether_gold_ore":2,"minecraft:diamond_ore":3,"minecraft:crying_obsidian":1,"minecraft:tuff":20,"minecraft:oak_sapling":1,"minecraft:mossy_cobblestone":2,"minecraft:deepslate_diamond_ore":90,"minecraft:obsidian":8,"minecraft:glow_lichen":2,"minecraft:grass_block":2,"minecraft:soul_soil":24,"minecraft:spruce_leaves":2,"minecraft:kelp":5,"minecraft:tall_seagrass":2,"minecraft:magma_block":5,"minecraft:furnace":7,"minecraft:carrots":25,"minecraft:iron_ore":41,"minecraft:cobbled_deepslate":2,"minecraft:fire":12,"minecraft:andesite":5,"minecraft:azure_bluet":1,"minecraft:potatoes":2,"minecraft:deepslate_iron_ore":28,"minecraft:stone":104,"minecraft:soul_sand":7,"minecraft:kelp_plant":1,"minecraft:crafting_table":7,"minecraft:short_grass":55,"minecraft:nether_quartz_ore":12,"minecraft:tall_grass":1,"minecraft:cobblestone":1,"minecraft:deepslate_coal_ore":2,"minecraft:deepslate_gold_ore":14,"minecraft:seagrass":2,"minecraft:oak_log":47,"minecraft:coal_ore":33,"minecraft:gravel":14,"minecraft:sand":2,"minecraft:dirt":1,"minecraft:netherrack":387,"minecraft:ancient_debris":4,"minecraft:oak_leaves":7,"minecraft:deepslate":499},"minecraft:custom":{"minecraft:mob_kills":28,"minecraft:interact_with_crafting_table":16,"minecraft:leave_game":6,"minecraft:time_since_death":13101,"minecraft:climb_one_cm":1012,"minecraft:sprint_one_cm":298867,"minecraft:walk_one_cm":259261,"minecraft:drop":46,"minecraft:talked_to_villager":1,"minecraft:play_time":139121,"minecraft:deaths":4,"minecraft:sneak_time":23423,"minecraft:walk_under_water_one_cm":23914,"minecraft:boat_one_cm":57742,"minecraft:jump":2576,"minecraft:walk_on_water_one_cm":40357,"minecraft:total_world_time":139121,"minecraft:interact_with_furnace":70,"minecraft:sleep_in_bed":1,"minecraft:time_since_rest":13127,"minecraft:damage_taken":2978,"minecraft:damage_dealt":4588,"minecraft:swim_one_cm":92041,"minecraft:fly_one_cm":370232,"minecraft:open_chest":11,"minecraft:crouch_one_cm":81990,"minecraft:fish_caught":10,"minecraft:fall_one_cm":74720},"minecraft:dropped":{"minecraft:iron_ingot":51,"minecraft:wheat_seeds":3,"minecraft:oak_log":13,"minecraft:feather":1,"minecraft:cobblestone":23,"minecraft:cod":3,"minecraft:stick":6,"minecraft:gray_wool":1,"minecraft:wooden_axe":2,"minecraft:iron_pickaxe":2,"minecraft:white_wool":1,"minecraft:bone":4,"minecraft:gravel":11,"minecraft:stone_axe":1,"minecraft:kelp":1,"minecraft:cobbled_deepslate":71,"minecraft:tuff":20,"minecraft:rotten_flesh":5,"minecraft:azure_bluet":1,"minecraft:potato":1,"minecraft:diamond_chestplate":2,"minecraft:iron_chestplate":3,"minecraft:andesite":3,"minecraft:arrow":1,"minecraft:wooden_pickaxe":2,"minecraft:stone_pickaxe":1,"minecraft:crying_obsidian":2,"minecraft:nautilus_shell":1,"minecraft:netherrack":3},"minecraft:picked_up":{"minecraft:wooden_axe":1,"minecraft:crafting_table":7,"minecraft:iron_chestplate":2,"minecraft:azure_bluet":1,"minecraft:chicken":1,"minecraft:wooden_pickaxe":1,"minecraft:gold_block":1,"minecraft:shield":1,"minecraft:soul_soil":24,"minecraft:gold_nugget":9,"minecraft:cobbled_deepslate":499,"minecraft:beef":5,"minecraft:iron_pickaxe":2,"minecraft:furnace":6,"minecraft:egg":1,"minecraft:stick":2,"minecraft:raw_iron":86,"minecraft:porkchop":1,"minecraft:carrot":54,"minecraft:diamond_chestplate":1,"minecraft:arrow":1,"minecraft:rotten_flesh":5,"minecraft:obsidian":8,"minecraft:mutton":4,"minecraft:cod":3,"minecraft:white_wool":2,"minecraft:cobblestone":101,"minecraft:nautilus_shell":1,"minecraft:magma_block":4,"minecraft:feather":1,"minecraft:cooked_beef":8,"minecraft:andesite":5,"minecraft:water_bucket":1,"minecraft:salmon":5,"minecraft:leather":2,"minecraft:potato":3,"minecraft:flint":1,"minecraft:tuff":20,"minecraft:oak_log":69,"minecraft:ancient_debris":4,"minecraft:gunpowder":2,"minecraft:dirt":3,"minecraft:cooked_mutton":2,"minecraft:bone":4,"minecraft:kelp":1,"minecraft:wheat_seeds":3,"minecraft:raw_gold":14,"minecraft:cooked_chicken":1,"minecraft:iron_ingot":44,"minecraft:soul_sand":7,"minecraft:quartz":12,"minecraft:gravel":13,"minecraft:sand":2,"minecraft:crying_obsidian":2,"minecraft:mossy_cobblestone":2,"minecraft:diamond":92,"minecraft:gray_wool":1,"minecraft:netherrack":375,"minecraft:black_wool":1,"minecraft:coal":77},"minecraft:killed":{"minecraft:spider":2,"minecraft:skeleton":3,"minecraft:chicken":1,"minecraft:drowned":1,"minecraft:pig":1,"minecraft:creeper":1,"minecraft:sheep":4,"minecraft:zombie":9,"minecraft:cow":4}},"DataVersion":3955}