{"stats":{"minecraft:killed_by":{"minecraft:zombie":1},"minecraft:crafted":{"minecraft:cooked_beef":5,"minecraft:oak_planks":28,"minecraft:diamond_axe":1,"minecraft:crafting_table":2,"minecraft:wooden_pickaxe":1,"minecraft:furnace":4,"minecraft:cooked_salmon":8,"minecraft:stone_axe":1,"minecraft:cooked_mutton":4,"minecraft:air":0,"minecraft:flint_and_steel":1,"minecraft:diamond_helmet":1,"minecraft:diamond_leggings":1,"minecraft:iron_chestplate":1,"minecraft:diamond_pickaxe":1,"minecraft:stick":20,"minecraft:iron_ingot":47,"minecraft:stone_pickaxe":1,"minecraft:iron_pickaxe":1,"minecraft:wooden_axe":1,"minecraft:diamond_boots":1,"minecraft:diamond_chestplate":2},"minecraft:mined":{"minecraft:diamond_ore":3,"minecraft:tuff":20,"minecraft:mossy_cobblestone":2,"minecraft:deepslate_diamond_ore":90,"minecraft:obsidian":2,"minecraft:crafting_table":7,"minecraft:glow_lichen":2,"minecraft:short_grass":6,"minecraft:grass_block":1,"minecraft:cobblestone":1,"minecraft:deepslate_coal_ore":2,"minecraft:spruce_leaves":2,"minecraft:deepslate_gold_ore":14,"minecraft:furnace":6,"minecraft:fire":6,"minecraft:iron_ore":41,"minecraft:cobbled_deepslate":1,"minecraft:andesite":5,"minecraft:oak_log":42,"minecraft:coal_ore":33,"minecraft:deepslate_iron_ore":28,"minecraft:dirt":1,"minecraft:gravel":14,"minecraft:stone":90,"minecraft:oak_leaves":4,"minecraft:deepslate":499},"minecraft:used":{"minecraft:cooked_mutton":4,"minecraft:water_bucket":10,"minecraft:flint_and_steel":10,"minecraft:stone_pickaxe":42,"minecraft:wooden_pickaxe":14,"minecraft:diamond_axe":38,"minecraft:cooked_salmon":1,"minecraft:cooked_chicken":1,"minecraft:torch":4,"minecraft:mossy_cobblestone":2,"minecraft:dirt":1,"minecraft:crafting_table":8,"minecraft:wooden_axe":36,"minecraft:diamond_pickaxe":595,"minecraft:black_wool":1,"minecraft:lava_bucket":1,"minecraft:iron_pickaxe":203,"minecraft:gravel":2,"minecraft:stone_axe":28,"minecraft:cobblestone":28,"minecraft:furnace":8,"minecraft:bucket":12,"minecraft:andesite":2,"minecraft:cooked_beef":10,"minecraft:cobbled_deepslate":123},"minecraft:custom":{"minecraft:interact_with_furnace":65,"minecraft:mob_kills":23,"minecraft:interact_with_crafting_table":14,"minecraft:leave_game":2,"minecraft:time_since_death":70105,"minecraft:time_since_rest":70130,"minecraft:sprint_one_cm":111972,"minecraft:damage_taken":1471,"minecraft:walk_one_cm":162282,"minecraft:drop":32,"minecraft:damage_dealt":3743,"minecraft:swim_one_cm":27285,"minecraft:fly_one_cm":97372,"minecraft:open_chest":2,"minecraft:crouch_one_cm":34829,"minecraft:play_time":71011,"minecraft:sneak_time":12382,"minecraft:deaths":1,"minecraft:walk_under_water_one_cm":19566,"minecraft:jump":1171,"minecraft:walk_on_water_one_cm":18090,"minecraft:total_world_time":71011,"minecraft:fall_one_cm":27481},"minecraft:dropped":{"minecraft:gravel":11,"minecraft:iron_ingot":51,"minecraft:stone_axe":1,"minecraft:oak_log":13,"minecraft:cobbled_deepslate":71,"minecraft:tuff":20,"minecraft:feather":1,"minecraft:cobblestone":23,"minecraft:rotten_flesh":2,"minecraft:stick":6,"minecraft:gray_wool":1,"minecraft:diamond_chestplate":2,"minecraft:iron_chestplate":3,"minecraft:wooden_axe":2,"minecraft:andesite":3,"minecraft:arrow":1,"minecraft:stone_pickaxe":1,"minecraft:wooden_pickaxe":2,"minecraft:iron_pickaxe":2,"minecraft:white_wool":1,"minecraft:bone":4},"minecraft:picked_up":{"minecraft:wooden_axe":1,"minecraft:crafting_table":7,"minecraft:iron_chestplate":2,"minecraft:cooked_beef":5,"minecraft:feather":1,"minecraft:chicken":1,"minecraft:salmon":2,"minecraft:water_bucket":1,"minecraft:andesite":5,"minecraft:wooden_pickaxe":1,"minecraft:flint":1,"minecraft:tuff":20,"minecraft:oak_log":64,"minecraft:shield":1,"minecraft:gunpowder":2,"minecraft:dirt":1,"minecraft:cooked_mutton":2,"minecraft:bone":4,"minecraft:cobbled_deepslate":498,"minecraft:raw_gold":14,"minecraft:iron_ingot":44,"minecraft:beef":5,"minecraft:cooked_chicken":1,"minecraft:iron_pickaxe":1,"minecraft:furnace":6,"minecraft:stick":2,"minecraft:raw_iron":86,"minecraft:gravel":13,"minecraft:mossy_cobblestone":2,"minecraft:diamond_chestplate":1,"minecraft:arrow":1,"minecraft:rotten_flesh":2,"minecraft:diamond":92,"minecraft:gray_wool":1,"minecraft:obsidian":2,"minecraft:black_wool":1,"minecraft:mutton":4,"minecraft:coal":77,"minecraft:white_wool":2,"minecraft:cobblestone":89},"minecraft:killed":{"minecraft:spider":2,"minecraft:creeper":1,"minecraft:sheep":4,"minecraft:skeleton":3,"minecraft:zombie":6,"minecraft:chicken":1,"minecraft:drowned":1,"minecraft:cow":3}},"DataVersion":3955}