{"stats":{"minecraft:killed_by":{"minecraft:zombie":1},"minecraft:crafted":{"minecraft:cooked_beef":5,"minecraft:oak_planks":40,"minecraft:diamond_axe":1,"minecraft:crafting_table":2,"minecraft:wooden_pickaxe":1,"minecraft:furnace":4,"minecraft:cooked_salmon":8,"minecraft:stone_axe":1,"minecraft:cooked_mutton":4,"minecraft:air":0,"minecraft:flint_and_steel":1,"minecraft:diamond_helmet":1,"minecraft:diamond_leggings":1,"minecraft:iron_chestplate":1,"minecraft:diamond_pickaxe":1,"minecraft:stick":20,"minecraft:iron_ingot":51,"minecraft:stone_pickaxe":1,"minecraft:iron_pickaxe":1,"minecraft:wooden_axe":1,"minecraft:chest":1,"minecraft:diamond_boots":1,"minecraft:diamond_chestplate":2},"minecraft:mined":{"minecraft:diamond_ore":3,"minecraft:tuff":20,"minecraft:soul_sand":7,"minecraft:mossy_cobblestone":2,"minecraft:deepslate_diamond_ore":90,"minecraft:obsidian":8,"minecraft:crafting_table":7,"minecraft:glow_lichen":2,"minecraft:short_grass":7,"minecraft:grass_block":1,"minecraft:soul_soil":24,"minecraft:nether_quartz_ore":12,"minecraft:cobblestone":1,"minecraft:deepslate_coal_ore":2,"minecraft:spruce_leaves":2,"minecraft:deepslate_gold_ore":14,"minecraft:magma_block":5,"minecraft:furnace":7,"minecraft:fire":12,"minecraft:iron_ore":41,"minecraft:cobbled_deepslate":1,"minecraft:andesite":5,"minecraft:oak_log":42,"minecraft:coal_ore":33,"minecraft:deepslate_iron_ore":28,"minecraft:dirt":1,"minecraft:gravel":14,"minecraft:ancient_debris":4,"minecraft:nether_gold_ore":2,"minecraft:netherrack":377,"minecraft:stone":104,"minecraft:oak_leaves":4,"minecraft:deepslate":499,"minecraft:crying_obsidian":1},"minecraft:used":{"minecraft:cooked_mutton":4,"minecraft:water_bucket":24,"minecraft:flint_and_steel":50,"minecraft:stone_pickaxe":42,"minecraft:chest":1,"minecraft:wooden_pickaxe":14,"minecraft:diamond_axe":60,"minecraft:cooked_salmon":7,"minecraft:netherrack":51,"minecraft:cooked_chicken":1,"minecraft:torch":10,"minecraft:mossy_cobblestone":2,"minecraft:dirt":1,"minecraft:crafting_table":9,"minecraft:obsidian":2,"minecraft:wooden_axe":36,"minecraft:diamond_pickaxe":1048,"minecraft:black_wool":1,"minecraft:lava_bucket":5,"minecraft:iron_pickaxe":203,"minecraft:gravel":2,"minecraft:stone_axe":28,"minecraft:cobblestone":28,"minecraft:furnace":8,"minecraft:bucket":30,"minecraft:andesite":2,"minecraft:cooked_beef":10,"minecraft:cobbled_deepslate":164},"minecraft:custom":{"minecraft:interact_with_furnace":67,"minecraft:mob_kills":27,"minecraft:interact_with_crafting_table":15,"minecraft:leave_game":3,"minecraft:time_since_death":94010,"minecraft:time_since_rest":94035,"minecraft:sprint_one_cm":153438,"minecraft:damage_taken":1871,"minecraft:walk_one_cm":211522,"minecraft:drop":36,"minecraft:damage_dealt":4340,"minecraft:swim_one_cm":27285,"minecraft:fly_one_cm":134028,"minecraft:open_chest":7,"minecraft:crouch_one_cm":66256,"minecraft:play_time":94916,"minecraft:sneak_time":19370,"minecraft:deaths":1,"minecraft:walk_under_water_one_cm":19625,"minecraft:jump":1483,"minecraft:walk_on_water_one_cm":22794,"minecraft:total_world_time":94916,"minecraft:fall_one_cm":33144},"minecraft:dropped":{"minecraft:gravel":11,"minecraft:iron_ingot":51,"minecraft:stone_axe":1,"minecraft:oak_log":13,"minecraft:cobbled_deepslate":71,"minecraft:tuff":20,"minecraft:feather":1,"minecraft:cobblestone":23,"minecraft:rotten_flesh":3,"minecraft:stick":6,"minecraft:potato":1,"minecraft:gray_wool":1,"minecraft:diamond_chestplate":2,"minecraft:iron_chestplate":3,"minecraft:wooden_axe":2,"minecraft:andesite":3,"minecraft:arrow":1,"minecraft:stone_pickaxe":1,"minecraft:wooden_pickaxe":2,"minecraft:iron_pickaxe":2,"minecraft:crying_obsidian":2,"minecraft:white_wool":1,"minecraft:bone":4},"minecraft:picked_up":{"minecraft:wooden_axe":1,"minecraft:crafting_table":7,"minecraft:iron_chestplate":2,"minecraft:cooked_beef":8,"minecraft:feather":1,"minecraft:chicken":1,"minecraft:salmon":2,"minecraft:water_bucket":1,"minecraft:andesite":5,"minecraft:leather":2,"minecraft:wooden_pickaxe":1,"minecraft:potato":1,"minecraft:gold_block":1,"minecraft:flint":1,"minecraft:tuff":20,"minecraft:oak_log":64,"minecraft:ancient_debris":4,"minecraft:shield":1,"minecraft:gunpowder":2,"minecraft:soul_soil":24,"minecraft:dirt":2,"minecraft:cooked_mutton":2,"minecraft:bone":4,"minecraft:gold_nugget":9,"minecraft:cobbled_deepslate":498,"minecraft:raw_gold":14,"minecraft:iron_ingot":44,"minecraft:beef":5,"minecraft:cooked_chicken":1,"minecraft:iron_pickaxe":2,"minecraft:soul_sand":7,"minecraft:furnace":6,"minecraft:stick":2,"minecraft:raw_iron":86,"minecraft:quartz":12,"minecraft:gravel":13,"minecraft:crying_obsidian":2,"minecraft:mossy_cobblestone":2,"minecraft:diamond_chestplate":1,"minecraft:arrow":1,"minecraft:rotten_flesh":3,"minecraft:diamond":92,"minecraft:netherrack":373,"minecraft:gray_wool":1,"minecraft:magma_block":4,"minecraft:obsidian":8,"minecraft:black_wool":1,"minecraft:mutton":4,"minecraft:coal":77,"minecraft:white_wool":2,"minecraft:cobblestone":101},"minecraft:killed":{"minecraft:spider":2,"minecraft:creeper":1,"minecraft:sheep":4,"minecraft:skeleton":3,"minecraft:zombie":9,"minecraft:chicken":1,"minecraft:drowned":1,"minecraft:cow":4}},"DataVersion":3955}