{"stats":{"minecraft:killed_by":{"minecraft:zombie":1},"minecraft:crafted":{"minecraft:cooked_beef":5,"minecraft:oak_planks":28,"minecraft:diamond_axe":1,"minecraft:crafting_table":2,"minecraft:wooden_pickaxe":1,"minecraft:furnace":4,"minecraft:stone_axe":1,"minecraft:cooked_mutton":4,"minecraft:air":0,"minecraft:flint_and_steel":1,"minecraft:diamond_helmet":1,"minecraft:diamond_leggings":1,"minecraft:iron_chestplate":1,"minecraft:diamond_pickaxe":1,"minecraft:stick":20,"minecraft:iron_ingot":43,"minecraft:iron_pickaxe":1,"minecraft:stone_pickaxe":1,"minecraft:wooden_axe":1,"minecraft:diamond_boots":1,"minecraft:diamond_chestplate":1},"minecraft:mined":{"minecraft:diamond_ore":3,"minecraft:tuff":20,"minecraft:mossy_cobblestone":2,"minecraft:deepslate_diamond_ore":90,"minecraft:crafting_table":6,"minecraft:short_grass":5,"minecraft:cobblestone":1,"minecraft:deepslate_coal_ore":2,"minecraft:spruce_leaves":2,"minecraft:deepslate_gold_ore":14,"minecraft:furnace":6,"minecraft:cobbled_deepslate":1,"minecraft:iron_ore":41,"minecraft:fire":6,"minecraft:andesite":5,"minecraft:oak_log":42,"minecraft:coal_ore":33,"minecraft:deepslate_iron_ore":22,"minecraft:gravel":14,"minecraft:stone":90,"minecraft:oak_leaves":4,"minecraft:deepslate":491},"minecraft:used":{"minecraft:cooked_mutton":4,"minecraft:flint_and_steel":10,"minecraft:stone_pickaxe":42,"minecraft:wooden_pickaxe":14,"minecraft:diamond_axe":26,"minecraft:cooked_chicken":1,"minecraft:mossy_cobblestone":2,"minecraft:crafting_table":7,"minecraft:wooden_axe":36,"minecraft:black_wool":1,"minecraft:diamond_pickaxe":579,"minecraft:iron_pickaxe":203,"minecraft:gravel":2,"minecraft:stone_axe":28,"minecraft:cobblestone":28,"minecraft:furnace":8,"minecraft:andesite":2,"minecraft:cooked_beef":7,"minecraft:cobbled_deepslate":69},"minecraft:custom":{"minecraft:interact_with_furnace":58,"minecraft:mob_kills":20,"minecraft:interact_with_crafting_table":12,"minecraft:leave_game":1,"minecraft:time_since_death":58623,"minecraft:time_since_rest":58648,"minecraft:sprint_one_cm":94533,"minecraft:damage_taken":1173,"minecraft:walk_one_cm":145230,"minecraft:drop":22,"minecraft:damage_dealt":2937,"minecraft:swim_one_cm":9014,"minecraft:fly_one_cm":72064,"minecraft:open_chest":2,"minecraft:crouch_one_cm":32430,"minecraft:play_time":59529,"minecraft:deaths":1,"minecraft:sneak_time":11459,"minecraft:walk_under_water_one_cm":15584,"minecraft:jump":834,"minecraft:walk_on_water_one_cm":4604,"minecraft:total_world_time":59529,"minecraft:fall_one_cm":16960},"minecraft:dropped":{"minecraft:gravel":11,"minecraft:iron_ingot":51,"minecraft:stone_axe":1,"minecraft:oak_log":13,"minecraft:tuff":20,"minecraft:feather":1,"minecraft:rotten_flesh":1,"minecraft:gray_wool":1,"minecraft:iron_chestplate":3,"minecraft:andesite":3,"minecraft:wooden_axe":2,"minecraft:stone_pickaxe":1,"minecraft:wooden_pickaxe":2,"minecraft:iron_pickaxe":1,"minecraft:white_wool":1},"minecraft:picked_up":{"minecraft:wooden_axe":1,"minecraft:iron_chestplate":2,"minecraft:crafting_table":6,"minecraft:cooked_beef":5,"minecraft:feather":1,"minecraft:chicken":1,"minecraft:andesite":5,"minecraft:wooden_pickaxe":1,"minecraft:flint":1,"minecraft:tuff":20,"minecraft:oak_log":48,"minecraft:cooked_mutton":2,"minecraft:bone":4,"minecraft:cobbled_deepslate":491,"minecraft:raw_gold":14,"minecraft:iron_ingot":37,"minecraft:beef":5,"minecraft:cooked_chicken":1,"minecraft:furnace":6,"minecraft:stick":2,"minecraft:raw_iron":80,"minecraft:gravel":13,"minecraft:mossy_cobblestone":2,"minecraft:arrow":1,"minecraft:rotten_flesh":1,"minecraft:diamond":92,"minecraft:gray_wool":1,"minecraft:black_wool":1,"minecraft:mutton":4,"minecraft:coal":77,"minecraft:white_wool":2,"minecraft:cobblestone":89},"minecraft:killed":{"minecraft:spider":2,"minecraft:sheep":4,"minecraft:skeleton":3,"minecraft:zombie":6,"minecraft:chicken":1,"minecraft:cow":3}},"DataVersion":3955}