{"stats":{"minecraft:killed_by":{"minecraft:zombie":1},"minecraft:crafted":{"minecraft:cooked_beef":5,"minecraft:oak_planks":28,"minecraft:diamond_axe":1,"minecraft:crafting_table":2,"minecraft:wooden_pickaxe":1,"minecraft:furnace":4,"minecraft:stone_axe":1,"minecraft:cooked_mutton":1,"minecraft:air":0,"minecraft:flint_and_steel":1,"minecraft:diamond_helmet":1,"minecraft:diamond_leggings":1,"minecraft:iron_chestplate":1,"minecraft:diamond_pickaxe":1,"minecraft:stick":20,"minecraft:iron_ingot":43,"minecraft:iron_pickaxe":1,"minecraft:stone_pickaxe":1,"minecraft:wooden_axe":1,"minecraft:diamond_boots":1,"minecraft:diamond_chestplate":1},"minecraft:mined":{"minecraft:tuff":20,"minecraft:mossy_cobblestone":2,"minecraft:deepslate_diamond_ore":88,"minecraft:crafting_table":6,"minecraft:short_grass":5,"minecraft:cobblestone":1,"minecraft:deepslate_gold_ore":14,"minecraft:furnace":4,"minecraft:iron_ore":41,"minecraft:andesite":2,"minecraft:oak_log":31,"minecraft:coal_ore":30,"minecraft:deepslate_iron_ore":15,"minecraft:gravel":7,"minecraft:stone":80,"minecraft:oak_leaves":1,"minecraft:deepslate":441},"minecraft:used":{"minecraft:cooked_mutton":1,"minecraft:stone_pickaxe":42,"minecraft:wooden_pickaxe":14,"minecraft:diamond_axe":3,"minecraft:cooked_chicken":1,"minecraft:mossy_cobblestone":2,"minecraft:crafting_table":7,"minecraft:wooden_axe":36,"minecraft:diamond_pickaxe":487,"minecraft:iron_pickaxe":203,"minecraft:gravel":2,"minecraft:stone_axe":28,"minecraft:cobblestone":28,"minecraft:furnace":6,"minecraft:andesite":2,"minecraft:cooked_beef":5,"minecraft:cobbled_deepslate":7},"minecraft:custom":{"minecraft:interact_with_furnace":52,"minecraft:mob_kills":15,"minecraft:interact_with_crafting_table":12,"minecraft:leave_game":1,"minecraft:time_since_death":46623,"minecraft:time_since_rest":46648,"minecraft:sprint_one_cm":72136,"minecraft:damage_taken":1053,"minecraft:walk_one_cm":112634,"minecraft:drop":12,"minecraft:damage_dealt":2587,"minecraft:swim_one_cm":575,"minecraft:fly_one_cm":51106,"minecraft:open_chest":2,"minecraft:crouch_one_cm":31061,"minecraft:play_time":47529,"minecraft:deaths":1,"minecraft:sneak_time":11020,"minecraft:walk_under_water_one_cm":163,"minecraft:jump":555,"minecraft:walk_on_water_one_cm":1691,"minecraft:total_world_time":47529,"minecraft:fall_one_cm":12458},"minecraft:dropped":{"minecraft:gravel":4,"minecraft:tuff":20,"minecraft:feather":1,"minecraft:rotten_flesh":1,"minecraft:iron_chestplate":3,"minecraft:wooden_axe":2,"minecraft:wooden_pickaxe":2},"minecraft:picked_up":{"minecraft:wooden_axe":1,"minecraft:iron_chestplate":2,"minecraft:crafting_table":6,"minecraft:feather":1,"minecraft:chicken":1,"minecraft:andesite":2,"minecraft:wooden_pickaxe":1,"minecraft:flint":1,"minecraft:tuff":20,"minecraft:oak_log":37,"minecraft:bone":4,"minecraft:cobbled_deepslate":441,"minecraft:raw_gold":14,"minecraft:beef":5,"minecraft:cooked_chicken":1,"minecraft:furnace":4,"minecraft:raw_iron":56,"minecraft:gravel":6,"minecraft:mossy_cobblestone":2,"minecraft:arrow":1,"minecraft:rotten_flesh":1,"minecraft:diamond":87,"minecraft:mutton":1,"minecraft:coal":42,"minecraft:white_wool":1,"minecraft:cobblestone":81},"minecraft:killed":{"minecraft:spider":2,"minecraft:sheep":1,"minecraft:skeleton":3,"minecraft:zombie":6,"minecraft:chicken":1,"minecraft:cow":2}},"DataVersion":3955}