{"stats":{"minecraft:crafted":{"minecraft:cookie":216,"minecraft:birch_boat":1,"minecraft:cake":3,"minecraft:diamond_helmet":2,"minecraft:diamond_leggings":3,"minecraft:diamond_boots":4,"minecraft:filled_map":1,"minecraft:stone_hoe":12,"minecraft:emerald":177,"minecraft:map":12,"minecraft:diamond_axe":1,"minecraft:crafting_table":1,"minecraft:wooden_pickaxe":1,"minecraft:chainmail_chestplate":8,"minecraft:birch_planks":28,"minecraft:air":0,"minecraft:bread":96,"minecraft:apple":64,"minecraft:diamond_pickaxe":2,"minecraft:stick":8,"minecraft:chainmail_boots":8,"minecraft:wooden_axe":1,"minecraft:pumpkin_pie":48,"minecraft:torch":16,"minecraft:diamond_chestplate":2},"minecraft:used":{"minecraft:spruce_slab":111,"minecraft:chest":22,"minecraft:farmland":187,"minecraft:cooked_chicken":1,"minecraft:rotten_flesh":1,"minecraft:trial_key":8,"minecraft:torch":88,"minecraft:hopper":12,"minecraft:carrot":356,"minecraft:cobblestone_wall":118,"minecraft:spruce_fence":30,"minecraft:oak_fence_gate":23,"minecraft:iron_hoe":1,"minecraft:glass":631,"minecraft:wooden_axe":14,"minecraft:lava_bucket":7,"minecraft:villager_spawn_egg":14,"minecraft:golden_carrot":9,"minecraft:minecart":1,"minecraft:water_bucket":5,"minecraft:cartography_table":1,"minecraft:wooden_pickaxe":40,"minecraft:birch_boat":2,"minecraft:composter":1,"minecraft:fletching_table":6,"minecraft:cobblestone_slab":140,"minecraft:rail":25,"minecraft:crafting_table":1,"minecraft:blast_furnace":1,"minecraft:white_bed":1,"minecraft:diamond_pickaxe":306,"minecraft:ominous_trial_key":2,"minecraft:diamond_shovel":9,"minecraft:bread":1,"minecraft:spruce_sapling":20,"minecraft:stone_axe":18,"minecraft:diamond_sword":116,"minecraft:cobblestone":186,"minecraft:smithing_table":1,"minecraft:pumpkin_pie":8,"minecraft:bone_meal":13,"minecraft:splash_potion":5},"minecraft:mined":{"minecraft:tuff":3,"minecraft:brewing_stand":1,"minecraft:grass_block":4,"minecraft:decorated_pot":17,"minecraft:chiseled_tuff_bricks":2,"minecraft:tuff_bricks":19,"minecraft:spawner":1,"minecraft:waxed_oxidized_cut_copper":1,"minecraft:furnace":1,"minecraft:cobbled_deepslate":4,"minecraft:barrel":1,"minecraft:polished_tuff":6,"minecraft:cobblestone_slab":2,"minecraft:iron_bars":2,"minecraft:waxed_weathered_copper_bulb":1,"minecraft:stone":73,"minecraft:red_bed":1,"minecraft:crafting_table":2,"minecraft:short_grass":5,"minecraft:chest":2,"minecraft:copper_ore":1,"minecraft:cobblestone":83,"minecraft:waxed_copper_bulb":1,"minecraft:waxed_oxidized_copper_grate":5,"minecraft:light_gray_stained_glass":5,"minecraft:birch_log":7,"minecraft:waxed_oxidized_cut_copper_stairs":1,"minecraft:white_carpet":2,"minecraft:waxed_copper_block":4,"minecraft:coal_ore":10,"minecraft:waxed_oxidized_copper":1,"minecraft:sand":2,"minecraft:cracked_stone_bricks":1,"minecraft:deepslate":104},"minecraft:custom":{"minecraft:mob_kills":84,"minecraft:interact_with_crafting_table":5,"minecraft:open_barrel":9,"minecraft:leave_game":2,"minecraft:time_since_death":96116,"minecraft:climb_one_cm":6105,"minecraft:sprint_one_cm":185309,"minecraft:walk_one_cm":360993,"minecraft:drop":100,"minecraft:talked_to_villager":73,"minecraft:play_time":96116,"minecraft:sneak_time":7002,"minecraft:walk_under_water_one_cm":34162,"minecraft:boat_one_cm":46063,"minecraft:jump":970,"minecraft:walk_on_water_one_cm":45416,"minecraft:total_world_time":96116,"minecraft:traded_with_villager":286,"minecraft:sleep_in_bed":4,"minecraft:time_since_rest":14767,"minecraft:damage_taken":1540,"minecraft:damage_dealt":7967,"minecraft:swim_one_cm":15913,"minecraft:fly_one_cm":244101,"minecraft:open_chest":43,"minecraft:crouch_one_cm":28711,"minecraft:fall_one_cm":31055,"minecraft:inspect_dispenser":6},"minecraft:picked_up":{"minecraft:crafting_table":2,"minecraft:splash_potion":1,"minecraft:chainmail_boots":8,"minecraft:ominous_bottle":6,"minecraft:enchanted_book":1,"minecraft:potion":2,"minecraft:brewing_stand":1,"minecraft:brick":128,"minecraft:wind_charge":8,"minecraft:iron_axe":1,"minecraft:flow_banner_pattern":1,"minecraft:string":7,"minecraft:red_bed":1,"minecraft:raw_copper":3,"minecraft:flint_and_steel":2,"minecraft:white_carpet":2,"minecraft:oak_sign":1,"minecraft:cracked_stone_bricks":1,"minecraft:gold_nugget":21,"minecraft:cobbled_deepslate":13,"minecraft:trial_key":4,"minecraft:cobblestone_slab":2,"minecraft:iron_nugget":9,"minecraft:light_gray_wool":1,"minecraft:guster_pottery_sherd":4,"minecraft:chest":2,"minecraft:furnace":1,"minecraft:tipped_arrow":42,"minecraft:flow_pottery_sherd":1,"minecraft:cake":3,"minecraft:arrow":54,"minecraft:honey_bottle":1,"minecraft:rotten_flesh":28,"minecraft:beetroot_seeds":7,"minecraft:tuff_bricks":19,"minecraft:obsidian":2,"minecraft:mutton":6,"minecraft:iron_bars":2,"minecraft:white_wool":4,"minecraft:cobblestone":124,"minecraft:birch_log":7,"minecraft:water_bucket":1,"minecraft:flint":3,"minecraft:waxed_copper_bulb":3,"minecraft:chainmail_chestplate":8,"minecraft:waxed_copper_block":6,"minecraft:dirt":3,"minecraft:bone":8,"minecraft:wheat_seeds":1,"minecraft:iron_ingot":6,"minecraft:cooked_chicken":1,"minecraft:stone_hoe":12,"minecraft:scrape_pottery_sherd":1,"minecraft:emerald_block":2,"minecraft:birch_boat":2,"minecraft:sand":2,"minecraft:polished_tuff":4,"minecraft:iron_hoe":1,"minecraft:slime_ball":26,"minecraft:diamond":3,"minecraft:stone_axe":2,"minecraft:waxed_oxidized_copper_grate":5,"minecraft:crossbow":3,"minecraft:granite":17,"minecraft:breeze_rod":6,"minecraft:bone_meal":1,"minecraft:golden_horse_armor":1,"minecraft:emerald":25,"minecraft:music_disc_precipice":2,"minecraft:coal":11},"minecraft:dropped":{"minecraft:guster_pottery_sherd":3,"minecraft:stone_hoe":22,"minecraft:iron_ingot":6,"minecraft:diamond_axe":1,"minecraft:crossbow":1,"minecraft:cobblestone":102,"minecraft:polished_tuff":4,"minecraft:coal":1,"minecraft:dirt":1,"minecraft:scrape_pottery_sherd":1,"minecraft:waxed_copper_bulb":3,"minecraft:map":12,"minecraft:snowball":7,"minecraft:bone_meal":1,"minecraft:sand":2,"minecraft:flow_banner_pattern":1,"minecraft:bone":8,"minecraft:stone_axe":3,"minecraft:emerald_block":1,"minecraft:flow_pottery_sherd":1,"minecraft:cobbled_deepslate":13,"minecraft:waxed_copper_block":6,"minecraft:chainmail_chestplate":16,"minecraft:cake":3,"minecraft:chainmail_boots":16,"minecraft:brick":128},"minecraft:killed":{"minecraft:bogged":11,"minecraft:slime":46,"minecraft:husk":18,"minecraft:sheep":5,"minecraft:breeze":4}},"DataVersion":3955}