{"stats":{"minecraft:crafted":{"minecraft:diamond_helmet":1,"minecraft:diamond_leggings":1,"minecraft:diamond_pickaxe":1,"minecraft:crafting_table":1,"minecraft:stick":8,"minecraft:birch_boat":1,"minecraft:wooden_pickaxe":1,"minecraft:wooden_axe":1,"minecraft:diamond_boots":1,"minecraft:birch_planks":28,"minecraft:torch":16,"minecraft:diamond_chestplate":1},"minecraft:mined":{"minecraft:furnace":1,"minecraft:red_bed":1,"minecraft:birch_log":7,"minecraft:white_carpet":2,"minecraft:brewing_stand":1,"minecraft:crafting_table":2,"minecraft:short_grass":5,"minecraft:grass_block":3,"minecraft:coal_ore":8,"minecraft:cobblestone_slab":2,"minecraft:chest":2,"minecraft:iron_bars":2,"minecraft:cobblestone":1,"minecraft:cracked_stone_bricks":1,"minecraft:stone":22,"minecraft:spawner":1},"minecraft:used":{"minecraft:glass":284,"minecraft:wooden_axe":14,"minecraft:bread":1,"minecraft:chest":2,"minecraft:wooden_pickaxe":40,"minecraft:birch_boat":2,"minecraft:spruce_sapling":20,"minecraft:rotten_flesh":1,"minecraft:torch":5,"minecraft:crafting_table":1,"minecraft:bone_meal":13},"minecraft:dropped":{"minecraft:bone_meal":1,"minecraft:coal":1},"minecraft:picked_up":{"minecraft:birch_log":7,"minecraft:crafting_table":2,"minecraft:splash_potion":1,"minecraft:birch_boat":2,"minecraft:water_bucket":1,"minecraft:flint":3,"minecraft:brewing_stand":1,"minecraft:dirt":2,"minecraft:string":7,"minecraft:red_bed":1,"minecraft:iron_hoe":1,"minecraft:flint_and_steel":2,"minecraft:white_carpet":2,"minecraft:rotten_flesh":11,"minecraft:oak_sign":1,"minecraft:cracked_stone_bricks":1,"minecraft:beetroot_seeds":7,"minecraft:wheat_seeds":1,"minecraft:gold_nugget":21,"minecraft:granite":17,"minecraft:bone_meal":1,"minecraft:cobblestone_slab":2,"minecraft:iron_nugget":9,"minecraft:golden_horse_armor":1,"minecraft:light_gray_wool":1,"minecraft:obsidian":2,"minecraft:chest":2,"minecraft:mutton":6,"minecraft:iron_bars":2,"minecraft:coal":9,"minecraft:white_wool":4,"minecraft:cobblestone":21,"minecraft:furnace":1},"minecraft:custom":{"minecraft:time_since_rest":17863,"minecraft:sprint_one_cm":52580,"minecraft:damage_taken":145,"minecraft:walk_one_cm":59535,"minecraft:mob_kills":5,"minecraft:drop":2,"minecraft:damage_dealt":630,"minecraft:interact_with_crafting_table":5,"minecraft:fly_one_cm":96247,"minecraft:open_chest":9,"minecraft:crouch_one_cm":116,"minecraft:play_time":17863,"minecraft:sneak_time":25,"minecraft:boat_one_cm":46063,"minecraft:jump":375,"minecraft:leave_game":1,"minecraft:time_since_death":17863,"minecraft:walk_on_water_one_cm":218,"minecraft:total_world_time":17863,"minecraft:climb_one_cm":2441,"minecraft:fall_one_cm":10275},"minecraft:killed":{"minecraft:sheep":5}},"DataVersion":3955}