{"stats":{"minecraft:picked_up":{"minecraft:crafting_table":2,"minecraft:chainmail_boots":8,"minecraft:ominous_bottle":6,"minecraft:splash_potion":1,"minecraft:nether_wart":48,"minecraft:potion":2,"minecraft:enchanted_book":1,"minecraft:brewing_stand":1,"minecraft:brick":128,"minecraft:wind_charge":8,"minecraft:string":11,"minecraft:oak_trapdoor":2,"minecraft:red_bed":1,"minecraft:flow_banner_pattern":1,"minecraft:raw_copper":3,"minecraft:iron_axe":1,"minecraft:flint_and_steel":2,"minecraft:white_carpet":2,"minecraft:oak_sign":1,"minecraft:cracked_stone_bricks":1,"minecraft:gold_nugget":22,"minecraft:cobbled_deepslate":13,"minecraft:trial_key":4,"minecraft:cobblestone_slab":4,"minecraft:iron_nugget":9,"minecraft:poppy":1,"minecraft:light_gray_wool":1,"minecraft:guster_pottery_sherd":4,"minecraft:chest":2,"minecraft:furnace":1,"minecraft:egg":1,"minecraft:tipped_arrow":42,"minecraft:flow_pottery_sherd":1,"minecraft:cake":3,"minecraft:diorite":20,"minecraft:stone_sword":3,"minecraft:arrow":58,"minecraft:weeping_vines":1,"minecraft:honey_bottle":1,"minecraft:rotten_flesh":41,"minecraft:beetroot_seeds":7,"minecraft:nether_bricks":2,"minecraft:saddle":1,"minecraft:gold_ingot":3,"minecraft:tuff_bricks":36,"minecraft:blaze_rod":8,"minecraft:obsidian":19,"minecraft:mutton":6,"minecraft:iron_bars":2,"minecraft:white_wool":4,"minecraft:cobblestone":182,"minecraft:birch_log":7,"minecraft:water_bucket":1,"minecraft:waxed_copper_bulb":3,"minecraft:flint":3,"minecraft:waxed_copper_block":6,"minecraft:chainmail_chestplate":8,"minecraft:ancient_debris":2,"minecraft:nether_wart_block":2,"minecraft:dirt":146,"minecraft:white_banner":3,"minecraft:twisting_vines":31,"minecraft:bone":14,"minecraft:light_blue_banner":1,"minecraft:bow":1,"minecraft:wheat_seeds":18,"minecraft:iron_ingot":11,"minecraft:cooked_chicken":1,"minecraft:scrape_pottery_sherd":1,"minecraft:stone_hoe":12,"minecraft:soul_sand":40,"minecraft:emerald_block":2,"minecraft:birch_boat":2,"minecraft:warped_wart_block":1,"minecraft:sand":2,"minecraft:spider_eye":2,"minecraft:polished_tuff":4,"minecraft:iron_hoe":1,"minecraft:slime_ball":26,"minecraft:diamond":3,"minecraft:stone_axe":2,"minecraft:waxed_oxidized_copper_grate":5,"minecraft:granite":17,"minecraft:crossbow":4,"minecraft:breeze_rod":6,"minecraft:bone_meal":1,"minecraft:emerald":26,"minecraft:golden_horse_armor":2,"minecraft:warped_roots":5,"minecraft:music_disc_precipice":2,"minecraft:netherrack":122,"minecraft:coal":11,"minecraft:ender_pearl":2},"minecraft:used":{"minecraft:oak_trapdoor":10,"minecraft:iron_shovel":874,"minecraft:flint_and_steel":1,"minecraft:spruce_slab":111,"minecraft:chest":31,"minecraft:nether_wart":168,"minecraft:ender_chest":1,"minecraft:shield":5,"minecraft:farmland":187,"minecraft:cooked_chicken":1,"minecraft:stone":4,"minecraft:rotten_flesh":1,"minecraft:zombie_spawn_egg":4,"minecraft:trial_key":8,"minecraft:torch":88,"minecraft:soul_sand":181,"minecraft:dirt":167,"minecraft:anvil":1,"minecraft:hopper":18,"minecraft:twisting_vines":1,"minecraft:cobblestone_wall":233,"minecraft:carrot":356,"minecraft:spruce_fence":30,"minecraft:oak_fence_gate":23,"minecraft:obsidian":13,"minecraft:spruce_boat":3,"minecraft:glass":767,"minecraft:iron_hoe":1,"minecraft:wooden_axe":14,"minecraft:lava_bucket":9,"minecraft:villager_spawn_egg":20,"minecraft:iron_axe":4,"minecraft:grass_block":9,"minecraft:golden_carrot":40,"minecraft:ominous_bottle":1,"minecraft:minecart":3,"minecraft:water_bucket":43,"minecraft:diorite":7,"minecraft:wooden_pickaxe":40,"minecraft:cartography_table":1,"minecraft:birch_boat":2,"minecraft:composter":1,"minecraft:spruce_sign":11,"minecraft:fletching_table":6,"minecraft:cobblestone_slab":142,"minecraft:rail":29,"minecraft:crafting_table":1,"minecraft:blast_furnace":1,"minecraft:crossbow":7,"minecraft:white_bed":5,"minecraft:diamond_pickaxe":7736,"minecraft:ominous_trial_key":2,"minecraft:diamond_shovel":218,"minecraft:wind_charge":9,"minecraft:bread":1,"minecraft:spruce_sapling":20,"minecraft:stone_axe":18,"minecraft:diamond_sword":329,"minecraft:cobblestone":193,"minecraft:white_banner":3,"minecraft:smithing_table":1,"minecraft:bucket":30,"minecraft:pumpkin_pie":12,"minecraft:yellow_bed":1,"minecraft:splash_potion":5,"minecraft:bone_meal":13},"minecraft:custom":{"minecraft:interact_with_anvil":1,"minecraft:mob_kills":144,"minecraft:interact_with_crafting_table":6,"minecraft:open_barrel":9,"minecraft:leave_game":9,"minecraft:time_since_death":228023,"minecraft:climb_one_cm":6850,"minecraft:sprint_one_cm":362024,"minecraft:walk_one_cm":650605,"minecraft:damage_blocked_by_shield":275,"minecraft:drop":124,"minecraft:talked_to_villager":84,"minecraft:raid_win":1,"minecraft:play_time":228023,"minecraft:sneak_time":9454,"minecraft:walk_under_water_one_cm":68749,"minecraft:boat_one_cm":46063,"minecraft:jump":1913,"minecraft:walk_on_water_one_cm":90016,"minecraft:total_world_time":228023,"minecraft:interact_with_furnace":2,"minecraft:traded_with_villager":290,"minecraft:raid_trigger":1,"minecraft:sleep_in_bed":7,"minecraft:time_since_rest":45277,"minecraft:damage_taken":4785,"minecraft:open_enderchest":8,"minecraft:damage_dealt":20458,"minecraft:minecart_one_cm":0,"minecraft:swim_one_cm":23670,"minecraft:fly_one_cm":764017,"minecraft:open_chest":92,"minecraft:crouch_one_cm":37921,"minecraft:fall_one_cm":95645,"minecraft:inspect_dispenser":6},"minecraft:crafted":{"minecraft:cookie":216,"minecraft:blaze_powder":2,"minecraft:birch_boat":1,"minecraft:light_blue_banner":1,"minecraft:cake":3,"minecraft:diamond_helmet":2,"minecraft:diamond_leggings":3,"minecraft:diamond_boots":4,"minecraft:filled_map":1,"minecraft:stone_hoe":12,"minecraft:ender_eye":2,"minecraft:emerald":177,"minecraft:crafting_table":1,"minecraft:map":12,"minecraft:diamond_axe":1,"minecraft:wooden_pickaxe":1,"minecraft:chainmail_chestplate":8,"minecraft:birch_planks":28,"minecraft:bread":96,"minecraft:air":0,"minecraft:apple":64,"minecraft:diamond_pickaxe":5,"minecraft:stick":8,"minecraft:chainmail_boots":8,"minecraft:wooden_axe":1,"minecraft:pumpkin_pie":48,"minecraft:torch":16,"minecraft:diamond_chestplate":2},"minecraft:mined":{"minecraft:nether_gold_ore":7,"minecraft:tuff":4,"minecraft:brewing_stand":1,"minecraft:obsidian":18,"minecraft:nether_bricks":2,"minecraft:grass_block":71,"minecraft:decorated_pot":17,"minecraft:chiseled_tuff_bricks":2,"minecraft:nether_wart":23,"minecraft:tuff_bricks":38,"minecraft:spawner":1,"minecraft:weeping_vines_plant":2,"minecraft:oak_trapdoor":2,"minecraft:waxed_oxidized_cut_copper":1,"minecraft:furnace":1,"minecraft:nether_sprouts":2,"minecraft:barrel":1,"minecraft:cobbled_deepslate":4,"minecraft:polished_tuff":6,"minecraft:twisting_vines":3,"minecraft:dirt_path":2,"minecraft:cobblestone_slab":4,"minecraft:iron_bars":2,"minecraft:waxed_weathered_copper_bulb":1,"minecraft:stone":91,"minecraft:soul_sand":40,"minecraft:red_bed":1,"minecraft:twisting_vines_plant":6,"minecraft:crafting_table":2,"minecraft:short_grass":29,"minecraft:warped_roots":3,"minecraft:chest":6,"minecraft:nether_quartz_ore":1,"minecraft:copper_ore":1,"minecraft:glass":14,"minecraft:cobblestone":6229,"minecraft:diorite":20,"minecraft:warped_wart_block":1,"minecraft:waxed_copper_bulb":1,"minecraft:warped_nylium":40,"minecraft:nether_wart_block":1,"minecraft:waxed_oxidized_copper_grate":5,"minecraft:light_gray_stained_glass":5,"minecraft:birch_log":7,"minecraft:waxed_oxidized_cut_copper_stairs":1,"minecraft:white_carpet":2,"minecraft:waxed_copper_block":6,"minecraft:warped_fungus":1,"minecraft:coal_ore":10,"minecraft:waxed_oxidized_copper":1,"minecraft:sand":2,"minecraft:dirt":67,"minecraft:cracked_stone_bricks":1,"minecraft:ancient_debris":2,"minecraft:netherrack":1119,"minecraft:deepslate":125},"minecraft:dropped":{"minecraft:guster_pottery_sherd":3,"minecraft:stone_hoe":22,"minecraft:iron_ingot":6,"minecraft:wheat_seeds":17,"minecraft:diamond_axe":1,"minecraft:golden_horse_armor":1,"minecraft:crossbow":1,"minecraft:weeping_vines":1,"minecraft:cobblestone":102,"minecraft:warped_roots":5,"minecraft:polished_tuff":4,"minecraft:coal":1,"minecraft:dirt":86,"minecraft:scrape_pottery_sherd":1,"minecraft:nether_wart_block":2,"minecraft:music_disc_precipice":1,"minecraft:waxed_copper_bulb":3,"minecraft:map":12,"minecraft:snowball":7,"minecraft:gold_nugget":1,"minecraft:bone_meal":1,"minecraft:sand":2,"minecraft:flow_banner_pattern":1,"minecraft:string":4,"minecraft:light_blue_banner":2,"minecraft:bone":13,"minecraft:stone_axe":3,"minecraft:emerald_block":1,"minecraft:flow_pottery_sherd":1,"minecraft:stone_sword":3,"minecraft:cobbled_deepslate":13,"minecraft:twisting_vines":20,"minecraft:waxed_copper_block":6,"minecraft:chainmail_chestplate":16,"minecraft:stone":1,"minecraft:cake":3,"minecraft:chainmail_boots":16,"minecraft:bow":1,"minecraft:netherrack":70,"minecraft:brick":128},"minecraft:broken":{"minecraft:diamond_pickaxe":1},"minecraft:killed":{"minecraft:zombified_piglin":1,"minecraft:bogged":11,"minecraft:spider":2,"minecraft:vindicator":2,"minecraft:slime":46,"minecraft:skeleton":3,"minecraft:husk":18,"minecraft:salmon":2,"minecraft:ravager":1,"minecraft:creeper":2,"minecraft:sheep":5,"minecraft:pillager":9,"minecraft:zombie":8,"minecraft:breeze":4,"minecraft:wither_skeleton":8,"minecraft:villager":2,"minecraft:enderman":2,"minecraft:blaze":18}},"DataVersion":3955}