{"stats":{"minecraft:picked_up":{"minecraft:chainmail_boots":8,"minecraft:ender_chest":1,"minecraft:diamond_sword":3,"minecraft:enchanted_book":1,"minecraft:potion":2,"minecraft:brewing_stand":1,"minecraft:string":15,"minecraft:raw_copper":3,"minecraft:oak_sign":1,"minecraft:diamond_leggings":2,"minecraft:gold_nugget":37,"minecraft:cobbled_deepslate":13,"minecraft:spruce_planks":24,"minecraft:trial_key":4,"minecraft:cobblestone_slab":167,"minecraft:iron_pickaxe":2,"minecraft:furnace":1,"minecraft:tipped_arrow":42,"minecraft:diorite":20,"minecraft:stone_sword":3,"minecraft:rotten_flesh":60,"minecraft:honey_bottle":1,"minecraft:blaze_rod":8,"minecraft:obsidian":19,"minecraft:iron_bars":2,"minecraft:cobblestone":186,"minecraft:birch_log":7,"minecraft:magma_block":22,"minecraft:water_bucket":5,"minecraft:flint":11,"minecraft:dirt":197,"minecraft:twisting_vines":64,"minecraft:bone":23,"minecraft:bow":1,"minecraft:wheat_seeds":121,"minecraft:diamond_helmet":2,"minecraft:stone_hoe":12,"minecraft:scrape_pottery_sherd":1,"minecraft:warped_wart_block":1,"minecraft:sand":7,"minecraft:grass_block":2,"minecraft:loom":1,"minecraft:iron_hoe":1,"minecraft:diamond":3,"minecraft:waxed_oxidized_copper_grate":5,"minecraft:breeze_rod":18,"minecraft:crossbow":4,"minecraft:granite":17,"minecraft:bone_meal":2,"minecraft:golden_horse_armor":2,"minecraft:emerald":28,"minecraft:music_disc_precipice":2,"minecraft:netherrack":2144,"minecraft:diamond_pickaxe":5,"minecraft:crafting_table":2,"minecraft:azure_bluet":2,"minecraft:splash_potion":1,"minecraft:ominous_bottle":6,"minecraft:nether_wart":48,"minecraft:brick":128,"minecraft:shield":2,"minecraft:wind_charge":8,"minecraft:cornflower":2,"minecraft:flow_banner_pattern":1,"minecraft:oak_trapdoor":6,"minecraft:red_bed":1,"minecraft:iron_axe":4,"minecraft:flint_and_steel":4,"minecraft:white_carpet":2,"minecraft:blackstone":361,"minecraft:cracked_stone_bricks":1,"minecraft:lectern":153,"minecraft:iron_nugget":9,"minecraft:poppy":11,"minecraft:spruce_slab":24,"minecraft:light_gray_wool":1,"minecraft:guster_pottery_sherd":4,"minecraft:sugar_cane":18,"minecraft:chest":2,"minecraft:phantom_membrane":1,"minecraft:egg":4,"minecraft:spruce_fence":3,"minecraft:flow_pottery_sherd":1,"minecraft:cake":3,"minecraft:carrot":10,"minecraft:weeping_vines":1,"minecraft:arrow":62,"minecraft:diamond_chestplate":2,"minecraft:beetroot_seeds":7,"minecraft:pumpkin_pie":51,"minecraft:nether_bricks":2,"minecraft:diamond_boots":2,"minecraft:saddle":1,"minecraft:gold_ingot":3,"minecraft:tuff_bricks":36,"minecraft:mutton":6,"minecraft:white_wool":4,"minecraft:oxeye_daisy":5,"minecraft:basalt":790,"minecraft:waxed_copper_bulb":3,"minecraft:oak_log":5,"minecraft:waxed_copper_block":6,"minecraft:chainmail_chestplate":8,"minecraft:ancient_debris":4,"minecraft:gunpowder":5,"minecraft:yellow_bed":2,"minecraft:nether_wart_block":2,"minecraft:cobblestone_wall":11,"minecraft:paper":1,"minecraft:white_banner":3,"minecraft:light_blue_banner":1,"minecraft:iron_ingot":15,"minecraft:cooked_chicken":1,"minecraft:soul_sand":40,"minecraft:book":3,"minecraft:emerald_block":2,"minecraft:birch_boat":2,"minecraft:quartz":1,"minecraft:dandelion":20,"minecraft:gravel":40,"minecraft:spruce_sapling":6,"minecraft:polished_tuff":4,"minecraft:spider_eye":5,"minecraft:diamond_shovel":2,"minecraft:slime_ball":26,"minecraft:stone_axe":2,"minecraft:warped_roots":5,"minecraft:coal":11,"minecraft:ender_pearl":2},"minecraft:used":{"minecraft:iron_shovel":874,"minecraft:spruce_slab":399,"minecraft:chest":152,"minecraft:shield":13,"minecraft:stone":4,"minecraft:zombie_spawn_egg":4,"minecraft:nether_wart":168,"minecraft:bell":2,"minecraft:farmland":187,"minecraft:rotten_flesh":1,"minecraft:soul_sand":181,"minecraft:carrot":357,"minecraft:obsidian":13,"minecraft:spruce_boat":3,"minecraft:glass":1132,"minecraft:lava_bucket":9,"minecraft:villager_spawn_egg":34,"minecraft:grass_block":10,"minecraft:magma_block":1,"minecraft:ominous_bottle":1,"minecraft:diorite":7,"minecraft:oak_planks":20,"minecraft:blackstone":5,"minecraft:wooden_pickaxe":40,"minecraft:composter":1,"minecraft:sugar_cane":249,"minecraft:loom":2,"minecraft:blast_furnace":8,"minecraft:crossbow":10,"minecraft:bread":1,"minecraft:lectern":165,"minecraft:gravel":1,"minecraft:diamond_sword":472,"minecraft:grindstone":3,"minecraft:smithing_table":1,"minecraft:bone_meal":180,"minecraft:oak_trapdoor":10,"minecraft:enchanting_table":1,"minecraft:flint_and_steel":1,"minecraft:spruce_planks":9,"minecraft:ender_chest":2,"minecraft:trial_key":8,"minecraft:stone_hoe":1,"minecraft:cooked_chicken":1,"minecraft:netherrack":34,"minecraft:torch":126,"minecraft:brewing_stand":9,"minecraft:dirt":183,"minecraft:anvil":4,"minecraft:hopper":18,"minecraft:twisting_vines":72,"minecraft:cobblestone_wall":412,"minecraft:spruce_fence":57,"minecraft:oak_fence_gate":44,"minecraft:iron_hoe":1,"minecraft:wooden_axe":14,"minecraft:bookshelf":16,"minecraft:iron_axe":218,"minecraft:basalt":54,"minecraft:golden_carrot":53,"minecraft:minecart":3,"minecraft:water_bucket":83,"minecraft:cartography_table":1,"minecraft:birch_boat":2,"minecraft:spruce_sign":11,"minecraft:stonecutter":2,"minecraft:fletching_table":6,"minecraft:cobblestone_slab":5010,"minecraft:rail":49,"minecraft:crafting_table":2,"minecraft:campfire":3,"minecraft:white_bed":5,"minecraft:smoker":3,"minecraft:diamond_pickaxe":9551,"minecraft:diamond_shovel":347,"minecraft:ominous_trial_key":2,"minecraft:wind_charge":9,"minecraft:spruce_sapling":20,"minecraft:stone_axe":18,"minecraft:cobblestone":315,"minecraft:potion":1,"minecraft:white_banner":3,"minecraft:bucket":70,"minecraft:yellow_bed":1,"minecraft:pumpkin_pie":48,"minecraft:jukebox":1,"minecraft:splash_potion":5},"minecraft:custom":{"minecraft:interact_with_crafting_table":10,"minecraft:open_barrel":9,"minecraft:bell_ring":1,"minecraft:leave_game":11,"minecraft:time_since_death":147599,"minecraft:sprint_one_cm":716798,"minecraft:damage_blocked_by_shield":1029,"minecraft:drop":164,"minecraft:talked_to_villager":314,"minecraft:play_time":405213,"minecraft:deaths":2,"minecraft:jump":4293,"minecraft:walk_on_water_one_cm":124515,"minecraft:interact_with_furnace":3,"minecraft:play_record":1,"minecraft:traded_with_villager":416,"minecraft:sleep_in_bed":8,"minecraft:open_enderchest":19,"minecraft:damage_dealt":28834,"minecraft:crouch_one_cm":88572,"minecraft:interact_with_smoker":1,"minecraft:inspect_dispenser":6,"minecraft:mob_kills":183,"minecraft:interact_with_anvil":2,"minecraft:climb_one_cm":26043,"minecraft:walk_one_cm":1573145,"minecraft:raid_win":1,"minecraft:sneak_time":20966,"minecraft:walk_under_water_one_cm":80939,"minecraft:boat_one_cm":46063,"minecraft:interact_with_blast_furnace":1,"minecraft:total_world_time":405213,"minecraft:raid_trigger":1,"minecraft:interact_with_grindstone":2,"minecraft:interact_with_stonecutter":6,"minecraft:time_since_rest":18573,"minecraft:damage_taken":7297,"minecraft:minecart_one_cm":0,"minecraft:swim_one_cm":32226,"minecraft:fly_one_cm":1340630,"minecraft:open_chest":147,"minecraft:fall_one_cm":143226},"minecraft:crafted":{"minecraft:oak_planks":20,"minecraft:blaze_powder":2,"minecraft:birch_boat":1,"minecraft:bookshelf":50,"minecraft:light_blue_banner":1,"minecraft:brown_carpet":8,"minecraft:cake":3,"minecraft:diamond_helmet":2,"minecraft:diamond_leggings":3,"minecraft:stone_hoe":12,"minecraft:ender_eye":2,"minecraft:emerald":227,"minecraft:diamond_axe":1,"minecraft:map":12,"minecraft:crafting_table":1,"minecraft:wooden_pickaxe":1,"minecraft:chainmail_chestplate":8,"minecraft:birch_planks":28,"minecraft:apple":64,"minecraft:diamond_pickaxe":5,"minecraft:stick":8,"minecraft:shears":10,"minecraft:golden_carrot":36,"minecraft:cookie":216,"minecraft:cobblestone_wall":186,"minecraft:diamond_boots":4,"minecraft:filled_map":1,"minecraft:bell":1,"minecraft:enchanted_book":1,"minecraft:bread":96,"minecraft:air":0,"minecraft:chainmail_boots":8,"minecraft:wooden_axe":1,"minecraft:pumpkin_pie":48,"minecraft:torch":16,"minecraft:diamond_chestplate":2},"minecraft:mined":{"minecraft:spruce_planks":15,"minecraft:brewing_stand":1,"minecraft:obsidian":18,"minecraft:grass_block":124,"minecraft:chiseled_tuff_bricks":2,"minecraft:oxeye_daisy":8,"minecraft:nether_wart":23,"minecraft:tuff_bricks":38,"minecraft:spawner":1,"minecraft:tall_seagrass":1,"minecraft:weeping_vines_plant":2,"minecraft:magma_block":15,"minecraft:cobbled_deepslate":4,"minecraft:barrel":1,"minecraft:polished_tuff":6,"minecraft:azure_bluet":3,"minecraft:twisting_vines":7,"minecraft:dirt_path":2,"minecraft:iron_bars":2,"minecraft:spruce_slab":20,"minecraft:red_bed":1,"minecraft:blackstone":197,"minecraft:twisting_vines_plant":11,"minecraft:poppy":4,"minecraft:chest":6,"minecraft:glass":55,"minecraft:nether_quartz_ore":5,"minecraft:cobblestone":6233,"minecraft:sugar_cane":9,"minecraft:waxed_copper_bulb":1,"minecraft:warped_nylium":40,"minecraft:nether_wart_block":1,"minecraft:birch_log":7,"minecraft:light_gray_stained_glass":5,"minecraft:waxed_oxidized_cut_copper_stairs":1,"minecraft:waxed_copper_block":6,"minecraft:warped_fungus":1,"minecraft:oak_log":5,"minecraft:waxed_oxidized_copper":1,"minecraft:loom":1,"minecraft:sand":7,"minecraft:dirt":69,"minecraft:netherrack":2075,"minecraft:ancient_debris":3,"minecraft:oak_leaves":1,"minecraft:deepslate":125,"minecraft:nether_gold_ore":9,"minecraft:tuff":4,"minecraft:nether_bricks":2,"minecraft:spruce_fence":3,"minecraft:decorated_pot":17,"minecraft:oak_trapdoor":6,"minecraft:waxed_oxidized_cut_copper":1,"minecraft:furnace":1,"minecraft:nether_sprouts":2,"minecraft:bookshelf":1,"minecraft:cobblestone_slab":96,"minecraft:waxed_weathered_copper_bulb":1,"minecraft:stone":91,"minecraft:ender_chest":1,"minecraft:podzol":7,"minecraft:soul_sand":40,"minecraft:basalt":518,"minecraft:dandelion":19,"minecraft:crafting_table":2,"minecraft:cornflower":1,"minecraft:short_grass":763,"minecraft:warped_roots":3,"minecraft:lectern":154,"minecraft:tall_grass":20,"minecraft:copper_ore":1,"minecraft:diorite":20,"minecraft:warped_wart_block":1,"minecraft:cobblestone_wall":11,"minecraft:waxed_oxidized_copper_grate":5,"minecraft:white_carpet":2,"minecraft:coal_ore":10,"minecraft:gravel":24,"minecraft:cracked_stone_bricks":1},"minecraft:dropped":{"minecraft:guster_pottery_sherd":3,"minecraft:diamond_axe":1,"minecraft:crossbow":1,"minecraft:weeping_vines":1,"minecraft:warped_roots":5,"minecraft:rail":1,"minecraft:flint":3,"minecraft:dirt":86,"minecraft:scrape_pottery_sherd":1,"minecraft:music_disc_precipice":1,"minecraft:snowball":7,"minecraft:gold_nugget":4,"minecraft:bone_meal":2,"minecraft:phantom_membrane":1,"minecraft:sand":3,"minecraft:light_blue_banner":2,"minecraft:bone":13,"minecraft:gravel":19,"minecraft:stone_axe":3,"minecraft:emerald_block":1,"minecraft:cobbled_deepslate":13,"minecraft:twisting_vines":20,"minecraft:waxed_copper_block":6,"minecraft:chainmail_chestplate":16,"minecraft:gunpowder":2,"minecraft:chainmail_boots":16,"minecraft:breeze_rod":6,"minecraft:basalt":76,"minecraft:netherrack":669,"minecraft:water_bucket":1,"minecraft:iron_ingot":6,"minecraft:stone_hoe":22,"minecraft:wheat_seeds":18,"minecraft:golden_horse_armor":1,"minecraft:cobblestone":102,"minecraft:polished_tuff":4,"minecraft:coal":1,"minecraft:nether_wart_block":2,"minecraft:waxed_copper_bulb":3,"minecraft:map":12,"minecraft:iron_axe":1,"minecraft:flow_banner_pattern":1,"minecraft:string":4,"minecraft:flow_pottery_sherd":1,"minecraft:stone_sword":3,"minecraft:blaze_rod":52,"minecraft:shears":8,"minecraft:diamond_sword":1,"minecraft:stone":1,"minecraft:spruce_planks":6,"minecraft:diamond_pickaxe":1,"minecraft:cake":3,"minecraft:brown_carpet":8,"minecraft:bow":1,"minecraft:bell":1,"minecraft:brick":128},"minecraft:broken":{"minecraft:diamond_pickaxe":1},"minecraft:killed":{"minecraft:zombified_piglin":3,"minecraft:spider":7,"minecraft:skeleton":10,"minecraft:chicken":1,"minecraft:piglin":1,"minecraft:salmon":2,"minecraft:iron_golem":1,"minecraft:creeper":8,"minecraft:sheep":5,"minecraft:pillager":9,"minecraft:zombie":22,"minecraft:blaze":18,"minecraft:bogged":11,"minecraft:vindicator":2,"minecraft:slime":46,"minecraft:horse":1,"minecraft:husk":18,"minecraft:ravager":1,"minecraft:breeze":4,"minecraft:wither_skeleton":8,"minecraft:villager":3,"minecraft:enderman":2}},"DataVersion":3955}