{"stats":{"minecraft:picked_up":{"minecraft:crafting_table":3,"minecraft:leather":6,"minecraft:oak_log":12,"minecraft:beef":9,"minecraft:coal":22,"minecraft:oak_sapling":1,"minecraft:mutton":3,"minecraft:oak_planks":1,"minecraft:white_wool":2,"minecraft:cobblestone":20,"minecraft:furnace":1},"minecraft:used":{"minecraft:cooked_mutton":2,"minecraft:stone_pickaxe":32,"minecraft:wooden_pickaxe":36,"minecraft:stone_axe":8,"minecraft:cobblestone":2,"minecraft:crafting_table":3,"minecraft:furnace":1,"minecraft:oak_sapling":1},"minecraft:custom":{"minecraft:time_since_rest":11114,"minecraft:interact_with_furnace":14,"minecraft:sprint_one_cm":16789,"minecraft:damage_taken":125,"minecraft:walk_one_cm":18871,"minecraft:mob_kills":6,"minecraft:damage_dealt":525,"minecraft:swim_one_cm":7372,"minecraft:interact_with_crafting_table":13,"minecraft:fly_one_cm":20166,"minecraft:crouch_one_cm":54,"minecraft:play_time":11114,"minecraft:sneak_time":144,"minecraft:walk_under_water_one_cm":565,"minecraft:jump":201,"minecraft:walk_on_water_one_cm":270,"minecraft:time_since_death":11114,"minecraft:total_world_time":11114,"minecraft:fall_one_cm":2806},"minecraft:mined":{"minecraft:furnace":1,"minecraft:crafting_table":3,"minecraft:coal_ore":22,"minecraft:oak_log":12,"minecraft:stone":20,"minecraft:oak_leaves":4},"minecraft:crafted":{"minecraft:cooked_beef":9,"minecraft:oak_planks":48,"minecraft:crafting_table":1,"minecraft:stick":12,"minecraft:wooden_pickaxe":2,"minecraft:stone_pickaxe":1,"minecraft:furnace":1,"minecraft:torch":16,"minecraft:stone_axe":1,"minecraft:cooked_mutton":3,"minecraft:air":0},"minecraft:broken":{"minecraft:wooden_pickaxe":1},"minecraft:killed":{"minecraft:sheep":2,"minecraft:cow":4}},"DataVersion":3955}