{"stats":{"minecraft:picked_up":{"minecraft:iron_chestplate":1,"minecraft:crafting_table":10,"minecraft:cooked_beef":1,"minecraft:feather":5,"minecraft:chicken":3,"minecraft:andesite":10,"minecraft:leather":12,"minecraft:flint":6,"minecraft:tuff":4,"minecraft:oak_log":16,"minecraft:shield":1,"minecraft:gunpowder":4,"minecraft:dirt":12,"minecraft:lapis_lazuli":44,"minecraft:string":5,"minecraft:iron_axe":1,"minecraft:bone":9,"minecraft:cobbled_deepslate":32,"minecraft:raw_gold":10,"minecraft:iron_ingot":31,"minecraft:beef":9,"minecraft:iron_pickaxe":1,"minecraft:sugar_cane":18,"minecraft:oak_planks":14,"minecraft:iron_boots":1,"minecraft:furnace":8,"minecraft:raw_iron":79,"minecraft:torch":21,"minecraft:gravel":10,"minecraft:porkchop":12,"minecraft:diorite":3,"minecraft:white_bed":1,"minecraft:spider_eye":1,"minecraft:arrow":10,"minecraft:rotten_flesh":26,"minecraft:diamond":23,"minecraft:iron_helmet":1,"minecraft:granite":8,"minecraft:emerald":2,"minecraft:oak_sapling":1,"minecraft:mutton":8,"minecraft:coal":70,"minecraft:white_wool":7,"minecraft:cobblestone":148},"minecraft:used":{"minecraft:water_bucket":2,"minecraft:cooked_mutton":8,"minecraft:diorite":1,"minecraft:flint_and_steel":1,"minecraft:stone_pickaxe":75,"minecraft:wooden_pickaxe":36,"minecraft:shield":21,"minecraft:cooked_chicken":3,"minecraft:torch":5,"minecraft:dirt":12,"minecraft:crafting_table":12,"minecraft:tuff":2,"minecraft:granite":8,"minecraft:wooden_axe":5,"minecraft:diamond_pickaxe":4,"minecraft:lava_bucket":15,"minecraft:iron_axe":43,"minecraft:iron_pickaxe":238,"minecraft:stone_axe":27,"minecraft:cobblestone":63,"minecraft:furnace":7,"minecraft:oak_sapling":1,"minecraft:cooked_porkchop":4,"minecraft:bucket":17,"minecraft:cobbled_deepslate":23,"minecraft:cooked_beef":9},"minecraft:custom":{"minecraft:interact_with_furnace":100,"minecraft:mob_kills":41,"minecraft:interact_with_crafting_table":37,"minecraft:leave_game":2,"minecraft:time_since_death":24299,"minecraft:time_since_rest":24899,"minecraft:sprint_one_cm":183093,"minecraft:damage_taken":2007,"minecraft:walk_one_cm":110635,"minecraft:damage_blocked_by_shield":1683,"minecraft:drop":5,"minecraft:damage_dealt":5839,"minecraft:swim_one_cm":17550,"minecraft:fly_one_cm":340023,"minecraft:open_chest":2,"minecraft:play_time":66947,"minecraft:crouch_one_cm":1798,"minecraft:sneak_time":875,"minecraft:deaths":1,"minecraft:walk_under_water_one_cm":2765,"minecraft:jump":2025,"minecraft:walk_on_water_one_cm":12232,"minecraft:total_world_time":66947,"minecraft:fall_one_cm":58744},"minecraft:mined":{"minecraft:tuff":3,"minecraft:deepslate_diamond_ore":16,"minecraft:obsidian":1,"minecraft:crafting_table":9,"minecraft:glow_lichen":1,"minecraft:granite":8,"minecraft:short_grass":2,"minecraft:emerald_ore":1,"minecraft:grass_block":5,"minecraft:rose_bush":1,"minecraft:cobblestone":5,"minecraft:lapis_ore":2,"minecraft:deepslate_gold_ore":3,"minecraft:sugar_cane":4,"minecraft:diorite":2,"minecraft:spawner":1,"minecraft:furnace":6,"minecraft:iron_ore":66,"minecraft:cobbled_deepslate":1,"minecraft:ice":1,"minecraft:andesite":5,"minecraft:deepslate_lapis_ore":2,"minecraft:oak_log":16,"minecraft:coal_ore":25,"minecraft:deepslate_iron_ore":5,"minecraft:dirt":7,"minecraft:stone":146,"minecraft:gold_ore":2,"minecraft:oak_leaves":4,"minecraft:deepslate":26},"minecraft:crafted":{"minecraft:cooked_beef":9,"minecraft:oak_planks":64,"minecraft:cooked_porkchop":4,"minecraft:crafting_table":3,"minecraft:cooked_chicken":3,"minecraft:wooden_pickaxe":2,"minecraft:iron_helmet":1,"minecraft:furnace":2,"minecraft:bucket":2,"minecraft:stone_axe":1,"minecraft:cooked_mutton":8,"minecraft:air":0,"minecraft:flint_and_steel":1,"minecraft:iron_boots":1,"minecraft:iron_chestplate":1,"minecraft:diamond_pickaxe":1,"minecraft:shield":1,"minecraft:iron_axe":1,"minecraft:stick":20,"minecraft:iron_ingot":62,"minecraft:iron_pickaxe":1,"minecraft:stone_pickaxe":1,"minecraft:wooden_axe":1,"minecraft:iron_leggings":2,"minecraft:oak_button":1,"minecraft:white_bed":1,"minecraft:torch":16},"minecraft:dropped":{"minecraft:stone_axe":1,"minecraft:rotten_flesh":15,"minecraft:spider_eye":1,"minecraft:stone_pickaxe":1,"minecraft:wooden_pickaxe":1},"minecraft:broken":{"minecraft:wooden_pickaxe":1},"minecraft:killed":{"minecraft:pig":6,"minecraft:spider":1,"minecraft:creeper":2,"minecraft:sheep":5,"minecraft:skeleton":8,"minecraft:zombie":11,"minecraft:chicken":3,"minecraft:cow":4},"minecraft:killed_by":{"minecraft:creeper":1}},"DataVersion":3955}