{"stats":{"minecraft:picked_up":{"minecraft:crafting_table":7,"minecraft:andesite":5,"minecraft:leather":6,"minecraft:flint":3,"minecraft:oak_log":12,"minecraft:gunpowder":2,"minecraft:dirt":1,"minecraft:string":2,"minecraft:bone":2,"minecraft:cobbled_deepslate":2,"minecraft:raw_gold":5,"minecraft:beef":9,"minecraft:sugar_cane":6,"minecraft:oak_planks":1,"minecraft:furnace":5,"minecraft:raw_iron":70,"minecraft:gravel":5,"minecraft:porkchop":3,"minecraft:diorite":1,"minecraft:arrow":4,"minecraft:rotten_flesh":7,"minecraft:emerald":1,"minecraft:oak_sapling":1,"minecraft:mutton":8,"minecraft:coal":49,"minecraft:white_wool":5,"minecraft:cobblestone":53},"minecraft:used":{"minecraft:cooked_mutton":6,"minecraft:stone_pickaxe":75,"minecraft:wooden_pickaxe":36,"minecraft:shield":8,"minecraft:dirt":1,"minecraft:crafting_table":7,"minecraft:iron_axe":17,"minecraft:iron_pickaxe":84,"minecraft:stone_axe":27,"minecraft:cobblestone":16,"minecraft:oak_sapling":1,"minecraft:furnace":5,"minecraft:cooked_porkchop":3,"minecraft:cooked_beef":4},"minecraft:custom":{"minecraft:interact_with_furnace":94,"minecraft:mob_kills":23,"minecraft:interact_with_crafting_table":29,"minecraft:time_since_death":35114,"minecraft:time_since_rest":35114,"minecraft:sprint_one_cm":92311,"minecraft:damage_taken":867,"minecraft:walk_one_cm":54798,"minecraft:damage_blocked_by_shield":742,"minecraft:drop":3,"minecraft:damage_dealt":3275,"minecraft:swim_one_cm":11574,"minecraft:fly_one_cm":168177,"minecraft:crouch_one_cm":1456,"minecraft:play_time":35114,"minecraft:sneak_time":633,"minecraft:walk_under_water_one_cm":896,"minecraft:jump":908,"minecraft:walk_on_water_one_cm":1878,"minecraft:total_world_time":35114,"minecraft:fall_one_cm":26511},"minecraft:mined":{"minecraft:crafting_table":7,"minecraft:short_grass":1,"minecraft:emerald_ore":1,"minecraft:grass_block":1,"minecraft:rose_bush":1,"minecraft:cobblestone":2,"minecraft:deepslate_gold_ore":3,"minecraft:sugar_cane":2,"minecraft:diorite":1,"minecraft:furnace":5,"minecraft:iron_ore":66,"minecraft:andesite":5,"minecraft:oak_log":12,"minecraft:coal_ore":25,"minecraft:deepslate_iron_ore":4,"minecraft:stone":54,"minecraft:gold_ore":2,"minecraft:deepslate":2,"minecraft:oak_leaves":4},"minecraft:crafted":{"minecraft:cooked_beef":9,"minecraft:oak_planks":48,"minecraft:cooked_porkchop":3,"minecraft:crafting_table":1,"minecraft:iron_helmet":1,"minecraft:wooden_pickaxe":2,"minecraft:furnace":2,"minecraft:stone_axe":1,"minecraft:cooked_mutton":8,"minecraft:air":0,"minecraft:iron_boots":1,"minecraft:iron_chestplate":1,"minecraft:shield":1,"minecraft:iron_axe":1,"minecraft:stick":16,"minecraft:iron_ingot":62,"minecraft:iron_pickaxe":1,"minecraft:stone_pickaxe":1,"minecraft:iron_leggings":1,"minecraft:white_bed":1,"minecraft:torch":16},"minecraft:dropped":{"minecraft:stone_axe":1,"minecraft:stone_pickaxe":1,"minecraft:wooden_pickaxe":1},"minecraft:broken":{"minecraft:wooden_pickaxe":1},"minecraft:killed":{"minecraft:pig":1,"minecraft:creeper":2,"minecraft:sheep":5,"minecraft:skeleton":4,"minecraft:zombie":7,"minecraft:cow":4}},"DataVersion":3955}