{"stats":{"minecraft:picked_up":{"minecraft:raw_iron":23,"minecraft:crafting_table":5,"minecraft:leather":6,"minecraft:porkchop":3,"minecraft:oak_log":12,"minecraft:gunpowder":2,"minecraft:string":2,"minecraft:dirt":1,"minecraft:beef":9,"minecraft:sugar_cane":6,"minecraft:coal":30,"minecraft:oak_sapling":1,"minecraft:mutton":8,"minecraft:oak_planks":1,"minecraft:white_wool":5,"minecraft:cobblestone":39,"minecraft:furnace":2},"minecraft:used":{"minecraft:cooked_mutton":3,"minecraft:iron_axe":1,"minecraft:stone_pickaxe":75,"minecraft:iron_pickaxe":4,"minecraft:wooden_pickaxe":36,"minecraft:stone_axe":27,"minecraft:dirt":1,"minecraft:cobblestone":9,"minecraft:crafting_table":6,"minecraft:furnace":3,"minecraft:oak_sapling":1,"minecraft:cooked_beef":4},"minecraft:custom":{"minecraft:time_since_rest":23114,"minecraft:interact_with_furnace":40,"minecraft:sprint_one_cm":53690,"minecraft:damage_taken":480,"minecraft:walk_one_cm":35603,"minecraft:mob_kills":16,"minecraft:drop":3,"minecraft:damage_dealt":1904,"minecraft:swim_one_cm":11574,"minecraft:interact_with_crafting_table":17,"minecraft:fly_one_cm":115588,"minecraft:crouch_one_cm":540,"minecraft:play_time":23114,"minecraft:sneak_time":391,"minecraft:walk_under_water_one_cm":896,"minecraft:jump":560,"minecraft:walk_on_water_one_cm":1878,"minecraft:time_since_death":23114,"minecraft:total_world_time":23114,"minecraft:fall_one_cm":17759},"minecraft:mined":{"minecraft:furnace":2,"minecraft:iron_ore":23,"minecraft:crafting_table":5,"minecraft:short_grass":1,"minecraft:grass_block":1,"minecraft:coal_ore":23,"minecraft:oak_log":12,"minecraft:rose_bush":1,"minecraft:cobblestone":2,"minecraft:sugar_cane":2,"minecraft:stone":40,"minecraft:oak_leaves":4},"minecraft:crafted":{"minecraft:cooked_beef":9,"minecraft:oak_planks":48,"minecraft:cooked_porkchop":3,"minecraft:shield":1,"minecraft:iron_axe":1,"minecraft:crafting_table":1,"minecraft:stick":16,"minecraft:iron_pickaxe":1,"minecraft:iron_ingot":18,"minecraft:wooden_pickaxe":2,"minecraft:stone_pickaxe":1,"minecraft:furnace":2,"minecraft:white_bed":1,"minecraft:torch":16,"minecraft:stone_axe":1,"minecraft:cooked_mutton":8,"minecraft:air":0},"minecraft:dropped":{"minecraft:stone_axe":1,"minecraft:wooden_pickaxe":1,"minecraft:stone_pickaxe":1},"minecraft:broken":{"minecraft:wooden_pickaxe":1},"minecraft:killed":{"minecraft:skeleton":1,"minecraft:sheep":5,"minecraft:zombie":3,"minecraft:pig":1,"minecraft:creeper":2,"minecraft:cow":4}},"DataVersion":3955}