{"stats":{"minecraft:mined":{"minecraft:tuff":25,"minecraft:white_bed":1,"minecraft:deepslate_diamond_ore":28,"minecraft:granite":17,"minecraft:grass_block":69,"minecraft:cartography_table":1,"minecraft:hay_block":59,"minecraft:furnace":2,"minecraft:iron_ore":52,"minecraft:fire":1,"minecraft:andesite":23,"minecraft:deepslate_lapis_ore":1,"minecraft:deepslate_iron_ore":10,"minecraft:cobblestone_slab":32,"minecraft:dirt_path":1,"minecraft:stone":192,"minecraft:deepslate_redstone_ore":5,"minecraft:crafting_table":6,"minecraft:torch":5,"minecraft:short_grass":47,"minecraft:chest":2,"minecraft:tall_grass":2,"minecraft:cobblestone":1,"minecraft:lapis_ore":9,"minecraft:sugar_cane":2,"minecraft:oak_planks":11,"minecraft:diorite":30,"minecraft:wall_torch":1,"minecraft:cobblestone_wall":9,"minecraft:birch_log":3,"minecraft:birch_leaves":1,"minecraft:yellow_bed":4,"minecraft:oak_log":43,"minecraft:coal_ore":24,"minecraft:gravel":1,"minecraft:sand":1,"minecraft:dirt":98,"minecraft:cobweb":1,"minecraft:gold_ore":4,"minecraft:oak_leaves":15,"minecraft:deepslate":82},"minecraft:custom":{"minecraft:mob_kills":17,"minecraft:interact_with_crafting_table":56,"minecraft:open_barrel":1,"minecraft:leave_game":3,"minecraft:time_since_death":89561,"minecraft:sprint_one_cm":203034,"minecraft:walk_one_cm":353929,"minecraft:damage_blocked_by_shield":180,"minecraft:drop":27,"minecraft:play_time":89561,"minecraft:sneak_time":1535,"minecraft:walk_under_water_one_cm":16069,"minecraft:boat_one_cm":152382,"minecraft:jump":678,"minecraft:walk_on_water_one_cm":108613,"minecraft:total_world_time":89561,"minecraft:interact_with_furnace":38,"minecraft:sleep_in_bed":2,"minecraft:time_since_rest":4325,"minecraft:damage_taken":1136,"minecraft:damage_dealt":2992,"minecraft:swim_one_cm":2926,"minecraft:fly_one_cm":277855,"minecraft:player_kills":1,"minecraft:open_chest":32,"minecraft:crouch_one_cm":5651,"minecraft:fall_one_cm":19661},"minecraft:picked_up":{"minecraft:wooden_axe":2,"minecraft:crafting_table":6,"minecraft:lead":1,"minecraft:string":18,"minecraft:cartography_table":1,"minecraft:cobbled_deepslate":81,"minecraft:spruce_planks":28,"minecraft:oak_boat":4,"minecraft:cobblestone_slab":59,"minecraft:sugar_cane":8,"minecraft:chest":2,"minecraft:furnace":2,"minecraft:raw_iron":62,"minecraft:torch":11,"minecraft:diorite":29,"minecraft:carrot":1,"minecraft:rotten_flesh":9,"minecraft:stone_sword":1,"minecraft:arrow":2,"minecraft:hay_block":58,"minecraft:mutton":6,"minecraft:cobblestone":186,"minecraft:rail":2,"minecraft:white_wool":2,"minecraft:birch_log":3,"minecraft:andesite":23,"minecraft:oak_log":43,"minecraft:yellow_bed":4,"minecraft:cobblestone_wall":8,"minecraft:paper":6,"minecraft:lapis_lazuli":69,"minecraft:map":3,"minecraft:dirt":161,"minecraft:bone":2,"minecraft:kelp":4,"minecraft:bow":1,"minecraft:wheat_seeds":10,"minecraft:raw_gold":5,"minecraft:iron_ingot":4,"minecraft:oak_planks":47,"minecraft:sand":1,"minecraft:white_bed":1,"minecraft:spider_eye":1,"minecraft:diamond":56,"minecraft:granite":17,"minecraft:gray_wool":1,"minecraft:bread":3,"minecraft:oak_sapling":2,"minecraft:coal":24},"minecraft:crafted":{"minecraft:oak_planks":172,"minecraft:cobblestone_slab":288,"minecraft:furnace":2,"minecraft:diamond_shovel":1,"minecraft:cooked_mutton":6,"minecraft:glass":1,"minecraft:iron_boots":1,"minecraft:iron_hoe":1,"minecraft:stone_pickaxe":1,"minecraft:cobblestone_wall":120,"minecraft:stone_hoe":3,"minecraft:wheat":113,"minecraft:crafting_table":3,"minecraft:wooden_pickaxe":1,"minecraft:iron_helmet":1,"minecraft:bucket":1,"minecraft:birch_planks":12,"minecraft:stone_axe":1,"minecraft:bread":39,"minecraft:air":0,"minecraft:oak_fence_gate":1,"minecraft:oak_boat":2,"minecraft:iron_chestplate":1,"minecraft:shield":1,"minecraft:stick":36,"minecraft:iron_pickaxe":2,"minecraft:iron_ingot":46,"minecraft:wooden_axe":2,"minecraft:stone_sword":1,"minecraft:iron_leggings":1},"minecraft:broken":{"minecraft:stone_hoe":2,"minecraft:stone_pickaxe":1,"minecraft:iron_pickaxe":1,"minecraft:wooden_axe":1},"minecraft:used":{"minecraft:stone_sword":41,"minecraft:chest":2,"minecraft:shield":5,"minecraft:stone_hoe":415,"minecraft:farmland":5,"minecraft:torch":39,"minecraft:dirt":541,"minecraft:cobblestone_wall":146,"minecraft:carrot":276,"minecraft:oak_fence_gate":11,"minecraft:iron_hoe":107,"minecraft:glass":222,"minecraft:wooden_axe":76,"minecraft:villager_spawn_egg":7,"minecraft:iron_helmet":1,"minecraft:hay_block":1,"minecraft:furnace":16,"minecraft:cobbled_deepslate":10,"minecraft:iron_leggings":1,"minecraft:cooked_mutton":6,"minecraft:water_bucket":10,"minecraft:stone_pickaxe":131,"minecraft:oak_planks":55,"minecraft:wooden_pickaxe":42,"minecraft:composter":1,"minecraft:cobblestone_slab":329,"minecraft:crafting_table":9,"minecraft:white_bed":1,"minecraft:diamond_shovel":130,"minecraft:bread":15,"minecraft:iron_pickaxe":378,"minecraft:stone_axe":22,"minecraft:cobblestone":13,"minecraft:bucket":3,"minecraft:yellow_bed":11,"minecraft:oak_boat":4},"minecraft:dropped":{"minecraft:iron_ingot":1,"minecraft:bread":2,"minecraft:diamond":28,"minecraft:rail":2,"minecraft:dirt":1,"minecraft:wooden_axe":3,"minecraft:string":9,"minecraft:bone":1,"minecraft:kelp":4,"minecraft:stone_sword":1,"minecraft:cobbled_deepslate":7,"minecraft:rotten_flesh":1,"minecraft:cobblestone_slab":18,"minecraft:stone":120,"minecraft:oak_sapling":2,"minecraft:oak_boat":1,"minecraft:arrow":1,"minecraft:wooden_pickaxe":1,"minecraft:raw_gold":1},"minecraft:killed":{"minecraft:cave_spider":1,"minecraft:spider":6,"minecraft:skeleton":1,"minecraft:sheep":4,"minecraft:zombie":5}},"DataVersion":3955}