{"stats":{"minecraft:picked_up":{"minecraft:wooden_axe":1,"minecraft:birch_log":3,"minecraft:crafting_table":1,"minecraft:kelp":4,"minecraft:spruce_planks":28,"minecraft:oak_log":43,"minecraft:oak_sapling":2,"minecraft:dirt":3},"minecraft:used":{"minecraft:wooden_axe":59,"minecraft:crafting_table":1,"minecraft:oak_boat":1},"minecraft:custom":{"minecraft:time_since_rest":11469,"minecraft:play_time":11469,"minecraft:sprint_one_cm":19152,"minecraft:damage_taken":90,"minecraft:walk_one_cm":14806,"minecraft:sneak_time":5,"minecraft:boat_one_cm":152267,"minecraft:drop":5,"minecraft:jump":85,"minecraft:damage_dealt":315,"minecraft:time_since_death":11469,"minecraft:total_world_time":11469,"minecraft:interact_with_crafting_table":2,"minecraft:fall_one_cm":2904,"minecraft:fly_one_cm":12379,"minecraft:player_kills":1},"minecraft:crafted":{"minecraft:oak_boat":1,"minecraft:oak_planks":172,"minecraft:birch_planks":12,"minecraft:crafting_table":1,"minecraft:stick":8,"minecraft:wooden_pickaxe":1,"minecraft:wooden_axe":1},"minecraft:mined":{"minecraft:oak_log":43,"minecraft:dirt":4,"minecraft:birch_log":3,"minecraft:birch_leaves":1,"minecraft:crafting_table":1,"minecraft:oak_leaves":15},"minecraft:dropped":{"minecraft:kelp":4,"minecraft:wooden_axe":1},"minecraft:broken":{"minecraft:wooden_axe":1}},"DataVersion":3955}