{"stats":{"minecraft:picked_up":{"minecraft:wooden_axe":2,"minecraft:birch_log":3,"minecraft:crafting_table":5,"minecraft:andesite":23,"minecraft:oak_log":43,"minecraft:lapis_lazuli":69,"minecraft:map":3,"minecraft:string":1,"minecraft:dirt":3,"minecraft:paper":6,"minecraft:kelp":4,"minecraft:wheat_seeds":4,"minecraft:cartography_table":1,"minecraft:cobbled_deepslate":62,"minecraft:raw_gold":4,"minecraft:spruce_planks":28,"minecraft:iron_ingot":1,"minecraft:oak_boat":1,"minecraft:sugar_cane":8,"minecraft:chest":2,"minecraft:oak_planks":2,"minecraft:furnace":1,"minecraft:raw_iron":62,"minecraft:diorite":29,"minecraft:rotten_flesh":6,"minecraft:diamond":9,"minecraft:hay_block":57,"minecraft:granite":17,"minecraft:gray_wool":1,"minecraft:bread":1,"minecraft:oak_sapling":2,"minecraft:mutton":6,"minecraft:coal":24,"minecraft:cobblestone":168,"minecraft:white_wool":2},"minecraft:used":{"minecraft:cooked_mutton":6,"minecraft:stone_sword":4,"minecraft:stone_pickaxe":131,"minecraft:wooden_pickaxe":42,"minecraft:stone_hoe":66,"minecraft:dirt":2,"minecraft:crafting_table":8,"minecraft:wooden_axe":76,"minecraft:bread":4,"minecraft:iron_pickaxe":250,"minecraft:iron_helmet":1,"minecraft:stone_axe":5,"minecraft:cobblestone":5,"minecraft:furnace":3,"minecraft:oak_boat":1},"minecraft:custom":{"minecraft:interact_with_furnace":26,"minecraft:mob_kills":7,"minecraft:interact_with_crafting_table":25,"minecraft:open_barrel":1,"minecraft:leave_game":1,"minecraft:time_since_death":35404,"minecraft:sleep_in_bed":1,"minecraft:time_since_rest":15499,"minecraft:sprint_one_cm":70039,"minecraft:damage_taken":620,"minecraft:walk_one_cm":104887,"minecraft:drop":11,"minecraft:damage_dealt":1175,"minecraft:fly_one_cm":117863,"minecraft:player_kills":1,"minecraft:open_chest":1,"minecraft:play_time":35404,"minecraft:sneak_time":25,"minecraft:walk_under_water_one_cm":2269,"minecraft:boat_one_cm":152267,"minecraft:jump":291,"minecraft:walk_on_water_one_cm":2483,"minecraft:total_world_time":35404,"minecraft:fall_one_cm":11132},"minecraft:crafted":{"minecraft:oak_planks":172,"minecraft:crafting_table":3,"minecraft:iron_helmet":1,"minecraft:wooden_pickaxe":1,"minecraft:furnace":2,"minecraft:birch_planks":12,"minecraft:stone_axe":1,"minecraft:cooked_mutton":6,"minecraft:bread":21,"minecraft:air":0,"minecraft:oak_boat":1,"minecraft:iron_boots":1,"minecraft:iron_chestplate":1,"minecraft:shield":1,"minecraft:stick":20,"minecraft:iron_ingot":26,"minecraft:iron_pickaxe":1,"minecraft:stone_pickaxe":1,"minecraft:wooden_axe":2,"minecraft:stone_sword":1,"minecraft:stone_hoe":1,"minecraft:wheat":59},"minecraft:mined":{"minecraft:deepslate_redstone_ore":5,"minecraft:deepslate_diamond_ore":9,"minecraft:crafting_table":5,"minecraft:granite":17,"minecraft:short_grass":5,"minecraft:chest":2,"minecraft:tall_grass":2,"minecraft:lapis_ore":9,"minecraft:sugar_cane":2,"minecraft:cartography_table":1,"minecraft:diorite":30,"minecraft:hay_block":58,"minecraft:furnace":1,"minecraft:birch_log":3,"minecraft:iron_ore":52,"minecraft:fire":1,"minecraft:andesite":23,"minecraft:birch_leaves":1,"minecraft:deepslate_lapis_ore":1,"minecraft:coal_ore":24,"minecraft:oak_log":43,"minecraft:deepslate_iron_ore":10,"minecraft:dirt":4,"minecraft:stone":172,"minecraft:gold_ore":4,"minecraft:oak_leaves":15,"minecraft:deepslate":66},"minecraft:dropped":{"minecraft:iron_ingot":1,"minecraft:kelp":4,"minecraft:dirt":1,"minecraft:wooden_axe":3,"minecraft:oak_sapling":2,"minecraft:wooden_pickaxe":1},"minecraft:killed":{"minecraft:spider":1,"minecraft:sheep":4,"minecraft:zombie":2},"minecraft:broken":{"minecraft:stone_pickaxe":1,"minecraft:iron_pickaxe":1,"minecraft:wooden_axe":1}},"DataVersion":3955}