{"stats":{"minecraft:picked_up":{"minecraft:birch_log":4,"minecraft:charcoal":8,"minecraft:crafting_table":5,"minecraft:feather":3,"minecraft:chicken":4,"minecraft:leather":11,"minecraft:shield":1,"minecraft:dirt":3,"minecraft:string":4,"minecraft:bone":4,"minecraft:bow":1,"minecraft:wheat_seeds":1,"minecraft:rabbit_hide":1,"minecraft:spruce_planks":1,"minecraft:beef":32,"minecraft:oak_boat":12,"minecraft:light_gray_wool":1,"minecraft:rabbit":1,"minecraft:sugar_cane":67,"minecraft:oak_planks":13,"minecraft:furnace":4,"minecraft:egg":2,"minecraft:raw_iron":9,"minecraft:cooked_porkchop":1,"minecraft:spruce_stairs":1,"minecraft:porkchop":2,"minecraft:sand":1,"minecraft:mace":1,"minecraft:spruce_sapling":1,"minecraft:spruce_log":14,"minecraft:arrow":6,"minecraft:rotten_flesh":4,"minecraft:emerald":1,"minecraft:mutton":11,"minecraft:coal":8,"minecraft:white_wool":7,"minecraft:cobblestone":47},"minecraft:used":{"minecraft:cooked_mutton":2,"minecraft:water_bucket":15,"minecraft:oak_planks":6,"minecraft:wooden_pickaxe":36,"minecraft:shield":10,"minecraft:iron_sword":51,"minecraft:cooked_chicken":4,"minecraft:white_wool":3,"minecraft:dirt":3,"minecraft:crafting_table":5,"minecraft:diamond_pickaxe":52,"minecraft:mace":4,"minecraft:iron_axe":48,"minecraft:stone_axe":8,"minecraft:cobblestone":5,"minecraft:bow":1,"minecraft:cooked_cod":7,"minecraft:furnace":4,"minecraft:cooked_porkchop":2,"minecraft:cooked_rabbit":1,"minecraft:bucket":15,"minecraft:oak_boat":12,"minecraft:cooked_beef":11},"minecraft:custom":{"minecraft:interact_with_furnace":63,"minecraft:mob_kills":41,"minecraft:traded_with_villager":1,"minecraft:interact_with_crafting_table":17,"minecraft:leave_game":1,"minecraft:time_since_death":65662,"minecraft:time_since_rest":65662,"minecraft:open_enderchest":1,"minecraft:sprint_one_cm":225104,"minecraft:damage_taken":1254,"minecraft:walk_one_cm":62014,"minecraft:damage_blocked_by_shield":245,"minecraft:drop":8,"minecraft:damage_dealt":5288,"minecraft:swim_one_cm":15794,"minecraft:talked_to_villager":1,"minecraft:fly_one_cm":621024,"minecraft:open_chest":10,"minecraft:crouch_one_cm":264,"minecraft:play_time":65662,"minecraft:sneak_time":211,"minecraft:walk_under_water_one_cm":6762,"minecraft:boat_one_cm":303359,"minecraft:jump":2456,"minecraft:walk_on_water_one_cm":9089,"minecraft:total_world_time":65662,"minecraft:fall_one_cm":81125},"minecraft:mined":{"minecraft:spruce_planks":1,"minecraft:crafting_table":5,"minecraft:short_grass":5,"minecraft:emerald_ore":1,"minecraft:grass_block":3,"minecraft:cobblestone":1,"minecraft:spruce_leaves":4,"minecraft:sugar_cane":15,"minecraft:spruce_stairs":1,"minecraft:furnace":4,"minecraft:iron_ore":9,"minecraft:birch_log":4,"minecraft:spruce_log":14,"minecraft:birch_leaves":1,"minecraft:coal_ore":5,"minecraft:sand":2,"minecraft:stone":49,"minecraft:oak_leaves":4},"minecraft:crafted":{"minecraft:cooked_beef":29,"minecraft:oak_planks":28,"minecraft:cooked_porkchop":1,"minecraft:crafting_table":1,"minecraft:wooden_pickaxe":1,"minecraft:cooked_chicken":4,"minecraft:furnace":4,"minecraft:birch_planks":16,"minecraft:stone_axe":1,"minecraft:cooked_mutton":6,"minecraft:air":0,"minecraft:oak_boat":1,"minecraft:blue_ice":1,"minecraft:paper":21,"minecraft:charcoal":14,"minecraft:stick":8,"minecraft:stone_pickaxe":1,"minecraft:cooked_rabbit":1},"minecraft:dropped":{"minecraft:wheat_seeds":1,"minecraft:rotten_flesh":2,"minecraft:filled_map":1,"minecraft:shield":1,"minecraft:mace":1,"minecraft:blue_ice":1,"minecraft:heart_of_the_sea":1,"minecraft:string":1},"minecraft:killed":{"minecraft:pig":1,"minecraft:spider":2,"minecraft:sheep":8,"minecraft:skeleton":2,"minecraft:zombie":8,"minecraft:chicken":4,"minecraft:stray":3,"minecraft:cow":13}},"DataVersion":3955}