{"stats":{"minecraft:picked_up":{"minecraft:birch_log":4,"minecraft:crafting_table":2,"minecraft:leather":1,"minecraft:mace":1,"minecraft:shield":1,"minecraft:string":2,"minecraft:arrow":2,"minecraft:bone":1,"minecraft:bow":1,"minecraft:rabbit_hide":1,"minecraft:beef":4,"minecraft:rabbit":1,"minecraft:coal":7,"minecraft:cobblestone":14,"minecraft:furnace":1},"minecraft:used":{"minecraft:mace":4,"minecraft:wooden_pickaxe":36,"minecraft:stone_axe":8,"minecraft:bow":1,"minecraft:crafting_table":2,"minecraft:furnace":1,"minecraft:cooked_rabbit":1,"minecraft:cooked_beef":2},"minecraft:custom":{"minecraft:time_since_rest":9831,"minecraft:interact_with_furnace":9,"minecraft:sprint_one_cm":26902,"minecraft:damage_taken":171,"minecraft:walk_one_cm":10801,"minecraft:mob_kills":5,"minecraft:drop":2,"minecraft:damage_dealt":760,"minecraft:interact_with_crafting_table":7,"minecraft:fly_one_cm":44218,"minecraft:play_time":9831,"minecraft:jump":235,"minecraft:time_since_death":9831,"minecraft:total_world_time":9831,"minecraft:fall_one_cm":9798},"minecraft:mined":{"minecraft:furnace":1,"minecraft:birch_log":4,"minecraft:birch_leaves":1,"minecraft:crafting_table":2,"minecraft:short_grass":1,"minecraft:coal_ore":4,"minecraft:spruce_leaves":2,"minecraft:stone":14,"minecraft:oak_leaves":4},"minecraft:crafted":{"minecraft:cooked_beef":4,"minecraft:crafting_table":1,"minecraft:stick":8,"minecraft:wooden_pickaxe":1,"minecraft:stone_pickaxe":1,"minecraft:furnace":1,"minecraft:birch_planks":16,"minecraft:stone_axe":1,"minecraft:cooked_rabbit":1,"minecraft:air":0},"minecraft:dropped":{"minecraft:mace":1,"minecraft:shield":1},"minecraft:killed":{"minecraft:skeleton":1,"minecraft:zombie":1,"minecraft:spider":1,"minecraft:cow":2}},"DataVersion":3955}