{"stats":{"minecraft:killed_by":{"minecraft:zombie":1},"minecraft:crafted":{"minecraft:smooth_stone":20,"minecraft:cobblestone_slab":24,"minecraft:tripwire_hook":2,"minecraft:furnace":2,"minecraft:stone":112,"minecraft:lever":1,"minecraft:flint_and_steel":1,"minecraft:hopper":4,"minecraft:iron_boots":1,"minecraft:ladder":3,"minecraft:spruce_slab":18,"minecraft:stone_pickaxe":5,"minecraft:chest":13,"minecraft:spruce_boat":1,"minecraft:stone_hoe":1,"minecraft:cooked_rabbit":1,"minecraft:cooked_porkchop":1,"minecraft:crafting_table":3,"minecraft:spruce_planks":312,"minecraft:iron_helmet":1,"minecraft:wooden_pickaxe":1,"minecraft:spruce_door":3,"minecraft:cooked_salmon":4,"minecraft:bucket":1,"minecraft:stone_axe":2,"minecraft:air":0,"minecraft:spruce_trapdoor":8,"minecraft:white_wool":163,"minecraft:iron_chestplate":1,"minecraft:shield":1,"minecraft:stick":92,"minecraft:iron_ingot":25,"minecraft:iron_pickaxe":1,"minecraft:wooden_axe":1,"minecraft:stone_sword":1,"minecraft:iron_shovel":1,"minecraft:iron_leggings":1,"minecraft:gold_ingot":18,"minecraft:stonecutter":1,"minecraft:torch":72,"minecraft:shears":1},"minecraft:broken":{"minecraft:golden_shovel":1,"minecraft:wooden_pickaxe":1,"minecraft:stone_pickaxe":4,"minecraft:iron_pickaxe":1,"minecraft:wooden_axe":1},"minecraft:used":{"minecraft:stone_sword":56,"minecraft:iron_shovel":227,"minecraft:flint_and_steel":1,"minecraft:spruce_slab":20,"minecraft:ladder":3,"minecraft:poppy":1,"minecraft:chest":9,"minecraft:spruce_planks":49,"minecraft:shield":7,"minecraft:iron_sword":57,"minecraft:stone":61,"minecraft:cooked_salmon":1,"minecraft:stone_hoe":20,"minecraft:rotten_flesh":2,"minecraft:iron_chestplate":2,"minecraft:torch":55,"minecraft:dirt":333,"minecraft:hopper":4,"minecraft:carrot":6,"minecraft:golden_shovel":73,"minecraft:snowball":3,"minecraft:spruce_boat":10,"minecraft:wooden_axe":55,"minecraft:iron_helmet":1,"minecraft:iron_boots":2,"minecraft:barrel":10,"minecraft:tripwire_hook":2,"minecraft:furnace":10,"minecraft:cooked_cod":4,"minecraft:potato":20,"minecraft:iron_leggings":1,"minecraft:golden_boots":1,"minecraft:water_bucket":41,"minecraft:leather_leggings":2,"minecraft:spruce_door":6,"minecraft:stone_pickaxe":618,"minecraft:wooden_pickaxe":59,"minecraft:blue_bed":19,"minecraft:fletching_table":2,"minecraft:cobblestone_slab":17,"minecraft:stonecutter":1,"minecraft:sand":10,"minecraft:crafting_table":10,"minecraft:red_bed":3,"minecraft:white_bed":1,"minecraft:shears":1,"minecraft:lever":1,"minecraft:bread":13,"minecraft:string":3,"minecraft:iron_pickaxe":251,"minecraft:leather_helmet":2,"minecraft:spruce_trapdoor":7,"minecraft:stone_axe":59,"minecraft:cobblestone":41,"minecraft:smithing_table":1,"minecraft:cooked_porkchop":1,"minecraft:cooked_rabbit":1,"minecraft:bucket":41,"minecraft:smooth_stone":17,"minecraft:experience_bottle":1},"minecraft:mined":{"minecraft:spruce_planks":15,"minecraft:white_bed":1,"minecraft:spruce_trapdoor":1,"minecraft:grass_block":72,"minecraft:spruce_leaves":26,"minecraft:sandstone":5,"minecraft:furnace":8,"minecraft:iron_ore":21,"minecraft:fire":1,"minecraft:barrel":8,"minecraft:snow":2,"minecraft:stripped_spruce_log":10,"minecraft:fletching_table":2,"minecraft:gold_block":2,"minecraft:water_cauldron":1,"minecraft:cobblestone_slab":3,"minecraft:dirt_path":19,"minecraft:packed_ice":5,"minecraft:stone":770,"minecraft:spruce_slab":3,"minecraft:smithing_table":1,"minecraft:red_bed":3,"minecraft:spruce_door":4,"minecraft:crafting_table":7,"minecraft:torch":9,"minecraft:short_grass":1,"minecraft:emerald_ore":2,"minecraft:copper_ore":10,"minecraft:cobblestone":5,"minecraft:sugar_cane":3,"minecraft:blue_bed":19,"minecraft:wall_torch":7,"minecraft:ice":7,"minecraft:spruce_log":72,"minecraft:coal_ore":88,"minecraft:gravel":6,"minecraft:sand":197,"minecraft:dirt":260,"minecraft:cobweb":28,"minecraft:netherrack":2},"minecraft:dropped":{"minecraft:clock":1,"minecraft:copper_ingot":1,"minecraft:coal":1,"minecraft:stick":2,"minecraft:cooked_salmon":6,"minecraft:fire_charge":1,"minecraft:sand":119,"minecraft:string":1,"minecraft:tripwire_hook":1,"minecraft:gravel":1,"minecraft:wheat":17,"minecraft:rotten_flesh":4,"minecraft:filled_map":1,"minecraft:poppy":1,"minecraft:spider_eye":2,"minecraft:sandstone":4},"minecraft:picked_up":{"minecraft:crafting_table":7,"minecraft:iron_chestplate":1,"minecraft:wheat":34,"minecraft:smithing_table":1,"minecraft:gold_block":2,"minecraft:shield":1,"minecraft:golden_sword":1,"minecraft:red_bed":3,"minecraft:string":169,"minecraft:raw_copper":77,"minecraft:cooked_salmon":12,"minecraft:iron_leggings":1,"minecraft:iron_shovel":1,"minecraft:smooth_stone":20,"minecraft:spruce_planks":20,"minecraft:cobblestone_slab":3,"minecraft:poppy":3,"minecraft:iron_pickaxe":1,"minecraft:spruce_slab":2,"minecraft:sugar_cane":28,"minecraft:furnace":8,"minecraft:iron_boots":1,"minecraft:stick":1,"minecraft:raw_iron":21,"minecraft:sandstone":8,"minecraft:copper_ingot":1,"minecraft:torch":23,"minecraft:porkchop":1,"minecraft:fire_charge":2,"minecraft:carrot":8,"minecraft:golden_chestplate":1,"minecraft:cauldron":1,"minecraft:stone_sword":1,"minecraft:rotten_flesh":8,"minecraft:arrow":2,"minecraft:gold_ingot":5,"minecraft:obsidian":4,"minecraft:snowball":50,"minecraft:cobblestone":942,"minecraft:clock":1,"minecraft:tripwire_hook":2,"minecraft:water_bucket":1,"minecraft:salmon":7,"minecraft:potato":20,"minecraft:filled_map":1,"minecraft:flint":12,"minecraft:dirt":471,"minecraft:blue_bed":19,"minecraft:heart_of_the_sea":1,"minecraft:iron_ingot":18,"minecraft:fletching_table":4,"minecraft:rabbit":1,"minecraft:bamboo":2,"minecraft:iron_sword":1,"minecraft:book":4,"minecraft:gravel":6,"minecraft:sand":193,"minecraft:stripped_spruce_log":10,"minecraft:spruce_sapling":1,"minecraft:white_bed":1,"minecraft:spruce_log":69,"minecraft:barrel":10,"minecraft:spruce_door":4,"minecraft:spider_eye":3,"minecraft:spruce_boat":11,"minecraft:stone_axe":1,"minecraft:iron_helmet":1,"minecraft:emerald":2,"minecraft:bread":13,"minecraft:netherrack":2,"minecraft:coal":152,"minecraft:hopper":3},"minecraft:custom":{"minecraft:interact_with_smithing_table":2,"minecraft:mob_kills":20,"minecraft:interact_with_crafting_table":46,"minecraft:open_barrel":53,"minecraft:bell_ring":11,"minecraft:leave_game":8,"minecraft:time_since_death":79622,"minecraft:climb_one_cm":7344,"minecraft:sprint_one_cm":398605,"minecraft:walk_one_cm":647242,"minecraft:damage_blocked_by_shield":150,"minecraft:drop":34,"minecraft:talked_to_villager":4,"minecraft:play_time":260948,"minecraft:sneak_time":3186,"minecraft:deaths":2,"minecraft:walk_under_water_one_cm":42011,"minecraft:boat_one_cm":412086,"minecraft:jump":3106,"minecraft:walk_on_water_one_cm":22571,"minecraft:total_world_time":260948,"minecraft:interact_with_furnace":56,"minecraft:interact_with_stonecutter":2,"minecraft:sleep_in_bed":15,"minecraft:time_since_rest":62484,"minecraft:damage_taken":1051,"minecraft:damage_dealt":3631,"minecraft:swim_one_cm":49396,"minecraft:fly_one_cm":401256,"minecraft:open_chest":55,"minecraft:crouch_one_cm":17466,"minecraft:interact_with_smoker":1,"minecraft:fall_one_cm":64635},"minecraft:killed":{"minecraft:spider":1,"minecraft:skeleton":1,"minecraft:pig":1,"minecraft:zombie_villager":1,"minecraft:salmon":8,"minecraft:rabbit":2,"minecraft:iron_golem":2,"minecraft:zombie":3}},"DataVersion":3955}