{"stats":{"minecraft:crafted":{"minecraft:cooked_porkchop":1,"minecraft:crafting_table":1,"minecraft:spruce_planks":28,"minecraft:wooden_pickaxe":1,"minecraft:furnace":1,"minecraft:air":0,"minecraft:flint_and_steel":1,"minecraft:shield":1,"minecraft:stick":12,"minecraft:iron_pickaxe":1,"minecraft:iron_ingot":17,"minecraft:stone_pickaxe":1,"minecraft:wooden_axe":1,"minecraft:stone_sword":1,"minecraft:spruce_boat":1,"minecraft:torch":4,"minecraft:cooked_rabbit":1},"minecraft:mined":{"minecraft:crafting_table":5,"minecraft:emerald_ore":2,"minecraft:grass_block":1,"minecraft:copper_ore":10,"minecraft:spruce_leaves":4,"minecraft:sugar_cane":1,"minecraft:blue_bed":4,"minecraft:furnace":4,"minecraft:iron_ore":17,"minecraft:barrel":3,"minecraft:fire":1,"minecraft:spruce_log":21,"minecraft:fletching_table":1,"minecraft:coal_ore":50,"minecraft:water_cauldron":1,"minecraft:gravel":5,"minecraft:dirt":4,"minecraft:cobweb":28,"minecraft:stone":110,"minecraft:netherrack":2},"minecraft:used":{"minecraft:leather_leggings":1,"minecraft:stone_sword":48,"minecraft:flint_and_steel":1,"minecraft:stone_pickaxe":131,"minecraft:wooden_pickaxe":59,"minecraft:shield":2,"minecraft:blue_bed":2,"minecraft:torch":3,"minecraft:dirt":5,"minecraft:crafting_table":6,"minecraft:spruce_boat":4,"minecraft:wooden_axe":32,"minecraft:bread":1,"minecraft:iron_pickaxe":7,"minecraft:leather_helmet":1,"minecraft:cobblestone":8,"minecraft:furnace":5,"minecraft:cooked_porkchop":1,"minecraft:cooked_rabbit":1},"minecraft:broken":{"minecraft:stone_pickaxe":1,"minecraft:wooden_pickaxe":1},"minecraft:custom":{"minecraft:interact_with_furnace":24,"minecraft:mob_kills":6,"minecraft:interact_with_crafting_table":9,"minecraft:open_barrel":3,"minecraft:time_since_death":38449,"minecraft:sleep_in_bed":3,"minecraft:time_since_rest":8885,"minecraft:sprint_one_cm":65561,"minecraft:damage_taken":298,"minecraft:walk_one_cm":143243,"minecraft:damage_blocked_by_shield":50,"minecraft:damage_dealt":780,"minecraft:fly_one_cm":70902,"minecraft:open_chest":3,"minecraft:crouch_one_cm":45,"minecraft:play_time":38449,"minecraft:sneak_time":73,"minecraft:boat_one_cm":73253,"minecraft:jump":804,"minecraft:total_world_time":38449,"minecraft:interact_with_smoker":1,"minecraft:fall_one_cm":18210},"minecraft:picked_up":{"minecraft:crafting_table":5,"minecraft:dirt":5,"minecraft:string":24,"minecraft:blue_bed":4,"minecraft:raw_copper":77,"minecraft:fletching_table":1,"minecraft:rabbit":1,"minecraft:sugar_cane":7,"minecraft:furnace":4,"minecraft:raw_iron":17,"minecraft:copper_ingot":1,"minecraft:porkchop":1,"minecraft:gravel":5,"minecraft:spruce_sapling":1,"minecraft:spruce_log":21,"minecraft:barrel":3,"minecraft:cauldron":1,"minecraft:arrow":2,"minecraft:rotten_flesh":2,"minecraft:spruce_boat":4,"minecraft:emerald":2,"minecraft:netherrack":2,"minecraft:coal":85,"minecraft:cobblestone":109},"minecraft:killed":{"minecraft:pig":1,"minecraft:zombie_villager":1,"minecraft:rabbit":2,"minecraft:skeleton":1}},"DataVersion":3955}