{"stats":{"minecraft:picked_up":{"minecraft:crafting_table":7,"minecraft:iron_chestplate":1,"minecraft:wheat":41,"minecraft:ladder":2,"minecraft:smithing_table":6,"minecraft:gold_block":2,"minecraft:shield":1,"minecraft:golden_sword":1,"minecraft:string":1632,"minecraft:red_bed":3,"minecraft:raw_copper":96,"minecraft:cooked_salmon":12,"minecraft:iron_leggings":1,"minecraft:iron_shovel":1,"minecraft:smooth_stone":20,"minecraft:spruce_planks":22,"minecraft:cobblestone_slab":18,"minecraft:poppy":3,"minecraft:iron_pickaxe":1,"minecraft:spruce_slab":8,"minecraft:lectern":30,"minecraft:sugar_cane":28,"minecraft:spruce_trapdoor":2,"minecraft:furnace":9,"minecraft:iron_boots":1,"minecraft:tipped_arrow":1,"minecraft:stick":7,"minecraft:raw_iron":21,"minecraft:sandstone":8,"minecraft:composter":2,"minecraft:copper_ingot":1,"minecraft:torch":32,"minecraft:porkchop":1,"minecraft:fire_charge":2,"minecraft:carrot":75,"minecraft:golden_chestplate":1,"minecraft:cauldron":1,"minecraft:stone_sword":1,"minecraft:arrow":3,"minecraft:rotten_flesh":12,"minecraft:gold_ingot":5,"minecraft:obsidian":4,"minecraft:snowball":72,"minecraft:cobblestone":1906,"minecraft:clock":1,"minecraft:feather":2,"minecraft:tripwire_hook":2,"minecraft:water_bucket":1,"minecraft:salmon":7,"minecraft:potato":282,"minecraft:filled_map":1,"minecraft:flint":14,"minecraft:dirt":989,"minecraft:blue_bed":26,"minecraft:bone":1,"minecraft:stonecutter":1,"minecraft:wheat_seeds":47,"minecraft:heart_of_the_sea":1,"minecraft:iron_ingot":19,"minecraft:fletching_table":7,"minecraft:rabbit":1,"minecraft:bamboo":2,"minecraft:iron_sword":1,"minecraft:book":4,"minecraft:gravel":82,"minecraft:sand":193,"minecraft:stripped_spruce_log":25,"minecraft:spruce_sapling":1,"minecraft:white_bed":2,"minecraft:spruce_log":69,"minecraft:loom":10,"minecraft:spruce_door":4,"minecraft:spider_eye":3,"minecraft:barrel":10,"minecraft:spruce_boat":11,"minecraft:stone_axe":1,"minecraft:iron_helmet":1,"minecraft:bread":15,"minecraft:emerald":2,"minecraft:baked_potato":10,"minecraft:netherrack":2,"minecraft:coal":208,"minecraft:hopper":3},"minecraft:used":{"minecraft:stone_sword":56,"minecraft:iron_shovel":250,"minecraft:flint_and_steel":1,"minecraft:spruce_slab":20,"minecraft:stone_shovel":393,"minecraft:ladder":5,"minecraft:poppy":1,"minecraft:chest":10,"minecraft:spruce_planks":81,"minecraft:shield":9,"minecraft:iron_sword":69,"minecraft:stone":236,"minecraft:cooked_salmon":1,"minecraft:rotten_flesh":2,"minecraft:stone_hoe":131,"minecraft:iron_chestplate":2,"minecraft:torch":109,"minecraft:dirt":563,"minecraft:hopper":4,"minecraft:carrot":69,"minecraft:golden_shovel":73,"minecraft:snowball":4,"minecraft:spruce_boat":10,"minecraft:wooden_axe":55,"minecraft:iron_helmet":1,"minecraft:iron_boots":2,"minecraft:barrel":10,"minecraft:tripwire_hook":2,"minecraft:furnace":11,"minecraft:cooked_cod":4,"minecraft:potato":149,"minecraft:iron_leggings":1,"minecraft:golden_boots":1,"minecraft:wheat_seeds":47,"minecraft:water_bucket":45,"minecraft:leather_leggings":2,"minecraft:spruce_door":6,"minecraft:stone_pickaxe":1691,"minecraft:baked_potato":2,"minecraft:wooden_pickaxe":59,"minecraft:blue_bed":24,"minecraft:composter":2,"minecraft:fletching_table":4,"minecraft:cobblestone_slab":27,"minecraft:stonecutter":1,"minecraft:sand":10,"minecraft:crafting_table":10,"minecraft:loom":12,"minecraft:red_bed":3,"minecraft:white_bed":3,"minecraft:shears":1,"minecraft:lever":1,"minecraft:bread":20,"minecraft:iron_pickaxe":251,"minecraft:string":3,"minecraft:lectern":30,"minecraft:leather_helmet":2,"minecraft:spruce_trapdoor":17,"minecraft:stone_axe":128,"minecraft:cobblestone":47,"minecraft:smithing_table":6,"minecraft:cooked_porkchop":1,"minecraft:cooked_rabbit":1,"minecraft:bucket":46,"minecraft:smooth_stone":17,"minecraft:experience_bottle":1},"minecraft:custom":{"minecraft:interact_with_smithing_table":15,"minecraft:mob_kills":25,"minecraft:inspect_hopper":1,"minecraft:interact_with_crafting_table":60,"minecraft:open_barrel":79,"minecraft:bell_ring":11,"minecraft:leave_game":9,"minecraft:time_since_death":266805,"minecraft:climb_one_cm":19348,"minecraft:sprint_one_cm":617040,"minecraft:walk_one_cm":1300567,"minecraft:damage_blocked_by_shield":230,"minecraft:drop":93,"minecraft:talked_to_villager":182,"minecraft:play_time":448131,"minecraft:sneak_time":5761,"minecraft:deaths":2,"minecraft:walk_under_water_one_cm":42011,"minecraft:boat_one_cm":412086,"minecraft:jump":4281,"minecraft:walk_on_water_one_cm":23367,"minecraft:total_world_time":448131,"minecraft:interact_with_furnace":80,"minecraft:traded_with_villager":167,"minecraft:interact_with_loom":1,"minecraft:interact_with_stonecutter":2,"minecraft:sleep_in_bed":20,"minecraft:time_since_rest":75443,"minecraft:damage_taken":1295,"minecraft:damage_dealt":4281,"minecraft:swim_one_cm":49396,"minecraft:fly_one_cm":474410,"minecraft:open_chest":130,"minecraft:crouch_one_cm":39118,"minecraft:interact_with_smoker":1,"minecraft:fall_one_cm":76370},"minecraft:crafted":{"minecraft:smooth_stone":20,"minecraft:cobblestone_slab":30,"minecraft:stone_shovel":3,"minecraft:tripwire_hook":2,"minecraft:furnace":2,"minecraft:loom":2,"minecraft:stone":295,"minecraft:lever":1,"minecraft:bookshelf":1,"minecraft:flint_and_steel":1,"minecraft:hopper":4,"minecraft:iron_boots":1,"minecraft:ladder":3,"minecraft:spruce_slab":24,"minecraft:stone_pickaxe":15,"minecraft:chest":14,"minecraft:spruce_boat":1,"minecraft:stone_hoe":1,"minecraft:cooked_rabbit":1,"minecraft:emerald":155,"minecraft:cooked_porkchop":1,"minecraft:crafting_table":3,"minecraft:baked_potato":48,"minecraft:spruce_planks":372,"minecraft:iron_helmet":1,"minecraft:wooden_pickaxe":1,"minecraft:spruce_door":3,"minecraft:cooked_salmon":4,"minecraft:copper_ingot":19,"minecraft:bucket":1,"minecraft:stone_axe":2,"minecraft:bread":8,"minecraft:air":0,"minecraft:spruce_trapdoor":16,"minecraft:lectern":1,"minecraft:white_wool":2878,"minecraft:iron_chestplate":1,"minecraft:shield":1,"minecraft:stick":92,"minecraft:iron_ingot":25,"minecraft:iron_pickaxe":1,"minecraft:wooden_axe":1,"minecraft:stone_sword":1,"minecraft:iron_shovel":1,"minecraft:gold_ingot":18,"minecraft:iron_leggings":1,"minecraft:stonecutter":1,"minecraft:white_bed":1,"minecraft:torch":88,"minecraft:shears":1},"minecraft:mined":{"minecraft:spruce_planks":17,"minecraft:white_bed":2,"minecraft:farmland":2,"minecraft:spruce_trapdoor":3,"minecraft:ladder":1,"minecraft:grass_block":276,"minecraft:spruce_leaves":26,"minecraft:composter":2,"minecraft:sandstone":5,"minecraft:furnace":9,"minecraft:carrots":20,"minecraft:iron_ore":21,"minecraft:fire":1,"minecraft:barrel":8,"minecraft:snow":9,"minecraft:stripped_spruce_log":25,"minecraft:fletching_table":5,"minecraft:gold_block":2,"minecraft:potatoes":83,"minecraft:dirt_path":29,"minecraft:water_cauldron":1,"minecraft:cobblestone_slab":18,"minecraft:packed_ice":5,"minecraft:stone":1731,"minecraft:spruce_slab":3,"minecraft:smithing_table":6,"minecraft:red_bed":3,"minecraft:spruce_door":4,"minecraft:crafting_table":7,"minecraft:torch":11,"minecraft:short_grass":95,"minecraft:emerald_ore":2,"minecraft:lectern":30,"minecraft:copper_ore":16,"minecraft:cobblestone":14,"minecraft:sugar_cane":3,"minecraft:blue_bed":26,"minecraft:wall_torch":13,"minecraft:wheat":22,"minecraft:ice":7,"minecraft:spruce_log":72,"minecraft:coal_ore":143,"minecraft:gravel":60,"minecraft:loom":10,"minecraft:sand":197,"minecraft:dirt":619,"minecraft:cobweb":28,"minecraft:stonecutter":1,"minecraft:netherrack":2},"minecraft:dropped":{"minecraft:bread":8,"minecraft:clock":1,"minecraft:baked_potato":10,"minecraft:feather":1,"minecraft:copper_ingot":1,"minecraft:coal":1,"minecraft:stick":2,"minecraft:cooked_salmon":6,"minecraft:fire_charge":1,"minecraft:sand":119,"minecraft:string":66,"minecraft:tripwire_hook":1,"minecraft:bone":1,"minecraft:gravel":23,"minecraft:wheat":17,"minecraft:rotten_flesh":8,"minecraft:filled_map":1,"minecraft:poppy":1,"minecraft:potato":28,"minecraft:cobblestone_slab":1,"minecraft:spider_eye":2,"minecraft:spruce_slab":4,"minecraft:sandstone":4,"minecraft:arrow":1},"minecraft:killed":{"minecraft:spider":1,"minecraft:skeleton":1,"minecraft:chicken":1,"minecraft:pig":1,"minecraft:zombie_villager":1,"minecraft:salmon":8,"minecraft:rabbit":2,"minecraft:iron_golem":2,"minecraft:zombie":5,"minecraft:stray":1,"minecraft:villager":1},"minecraft:broken":{"minecraft:iron_shovel":1,"minecraft:golden_shovel":1,"minecraft:stone_hoe":1,"minecraft:wooden_pickaxe":1,"minecraft:stone_pickaxe":12,"minecraft:stone_axe":1,"minecraft:iron_pickaxe":1,"minecraft:wooden_axe":1,"minecraft:stone_shovel":3},"minecraft:killed_by":{"minecraft:zombie":1}},"DataVersion":3955}