{"stats":{"minecraft:picked_up":{"minecraft:iron_chestplate":1,"minecraft:wheat":121,"minecraft:anvil":4,"minecraft:smithing_table":7,"minecraft:stone_slab":5,"minecraft:nether_brick":10,"minecraft:golden_sword":1,"minecraft:string":2968,"minecraft:raw_copper":96,"minecraft:cooked_salmon":12,"minecraft:iron_leggings":2,"minecraft:gold_nugget":66,"minecraft:cobbled_deepslate":52,"minecraft:smooth_stone":20,"minecraft:spruce_planks":22,"minecraft:cobblestone_slab":34,"minecraft:iron_pickaxe":1,"minecraft:furnace":9,"minecraft:iron_boots":3,"minecraft:tipped_arrow":3,"minecraft:stick":9,"minecraft:composter":2,"minecraft:torch":37,"minecraft:porkchop":1,"minecraft:golden_chestplate":1,"minecraft:cauldron":1,"minecraft:stone_sword":1,"minecraft:rotten_flesh":40,"minecraft:obsidian":13,"minecraft:snowball":72,"minecraft:cobblestone":1960,"minecraft:feather":2,"minecraft:water_bucket":1,"minecraft:potato":980,"minecraft:flint":15,"minecraft:tuff":25,"minecraft:dirt":1037,"minecraft:lapis_lazuli":112,"minecraft:bone":5,"minecraft:stonecutter":1,"minecraft:wheat_seeds":270,"minecraft:raw_gold":22,"minecraft:grindstone":2,"minecraft:rabbit":1,"minecraft:fletching_table":7,"minecraft:bamboo":2,"minecraft:poisonous_potato":4,"minecraft:sand":193,"minecraft:stripped_spruce_log":62,"minecraft:loom":12,"minecraft:barrel":10,"minecraft:diamond":3,"minecraft:spruce_boat":14,"minecraft:granite":3,"minecraft:bread":27,"minecraft:emerald":11,"minecraft:netherrack":36,"minecraft:diamond_pickaxe":1,"minecraft:crafting_table":7,"minecraft:ladder":2,"minecraft:gold_block":2,"minecraft:shield":2,"minecraft:red_bed":5,"minecraft:flint_and_steel":1,"minecraft:iron_shovel":1,"minecraft:blackstone":16,"minecraft:iron_nugget":36,"minecraft:poppy":4,"minecraft:spruce_slab":12,"minecraft:lectern":81,"minecraft:sugar_cane":28,"minecraft:spruce_trapdoor":2,"minecraft:raw_iron":138,"minecraft:sandstone":8,"minecraft:copper_ingot":1,"minecraft:fire_charge":5,"minecraft:carrot":658,"minecraft:redstone":68,"minecraft:arrow":7,"minecraft:stone_shovel":1,"minecraft:gold_ingot":7,"minecraft:white_wool":87,"minecraft:clock":1,"minecraft:tripwire_hook":2,"minecraft:salmon":7,"minecraft:leather":8,"minecraft:red_mushroom":1,"minecraft:filled_map":1,"minecraft:blue_bed":40,"minecraft:heart_of_the_sea":1,"minecraft:stone_pickaxe":1,"minecraft:iron_ingot":26,"minecraft:soul_sand":31,"minecraft:iron_sword":2,"minecraft:book":16,"minecraft:quartz":48,"minecraft:raw_iron_block":1,"minecraft:gravel":104,"minecraft:spruce_sapling":1,"minecraft:blast_furnace":6,"minecraft:white_bed":2,"minecraft:spruce_log":73,"minecraft:crying_obsidian":14,"minecraft:spruce_door":4,"minecraft:spider_eye":5,"minecraft:stone_axe":1,"minecraft:iron_helmet":2,"minecraft:baked_potato":42,"minecraft:coal":241,"minecraft:hopper":3,"minecraft:ender_pearl":4},"minecraft:used":{"minecraft:iron_shovel":250,"minecraft:spruce_slab":20,"minecraft:poppy":1,"minecraft:ladder":5,"minecraft:chest":12,"minecraft:shield":24,"minecraft:stone":304,"minecraft:iron_sword":208,"minecraft:rotten_flesh":2,"minecraft:iron_chestplate":2,"minecraft:soul_sand":19,"minecraft:carrot":237,"minecraft:tuff":25,"minecraft:snowball":4,"minecraft:obsidian":9,"minecraft:spruce_boat":13,"minecraft:lava_bucket":1,"minecraft:iron_helmet":1,"minecraft:furnace":11,"minecraft:cooked_cod":4,"minecraft:potato":375,"minecraft:golden_boots":2,"minecraft:leather_leggings":2,"minecraft:diamond_boots":1,"minecraft:spruce_door":6,"minecraft:stone_pickaxe":2011,"minecraft:wooden_pickaxe":59,"minecraft:composter":2,"minecraft:diamond_axe":5,"minecraft:blue_bed":39,"minecraft:white_wool":397,"minecraft:sand":10,"minecraft:loom":14,"minecraft:blast_furnace":7,"minecraft:shears":1,"minecraft:lever":1,"minecraft:bread":20,"minecraft:string":3,"minecraft:lectern":84,"minecraft:grindstone":3,"minecraft:smithing_table":7,"minecraft:cooked_rabbit":1,"minecraft:experience_bottle":1,"minecraft:stone_sword":56,"minecraft:flint_and_steel":2,"minecraft:stone_shovel":414,"minecraft:spruce_planks":81,"minecraft:cooked_salmon":1,"minecraft:stone_hoe":262,"minecraft:netherrack":1,"minecraft:torch":171,"minecraft:dirt":598,"minecraft:anvil":5,"minecraft:hopper":4,"minecraft:golden_chestplate":1,"minecraft:golden_shovel":73,"minecraft:wooden_axe":55,"minecraft:bookshelf":4,"minecraft:iron_boots":2,"minecraft:barrel":10,"minecraft:tripwire_hook":2,"minecraft:cobbled_deepslate":51,"minecraft:iron_leggings":2,"minecraft:wheat_seeds":175,"minecraft:water_bucket":47,"minecraft:baked_potato":21,"minecraft:fletching_table":4,"minecraft:stonecutter":1,"minecraft:cobblestone_slab":48,"minecraft:crafting_table":12,"minecraft:red_bed":4,"minecraft:red_mushroom":1,"minecraft:white_bed":3,"minecraft:diamond_pickaxe":61,"minecraft:iron_pickaxe":340,"minecraft:leather_helmet":2,"minecraft:spruce_trapdoor":17,"minecraft:stone_axe":239,"minecraft:cobblestone":63,"minecraft:cooked_porkchop":1,"minecraft:bucket":49,"minecraft:smooth_stone":17},"minecraft:custom":{"minecraft:interact_with_crafting_table":80,"minecraft:open_barrel":98,"minecraft:bell_ring":11,"minecraft:leave_game":11,"minecraft:time_since_death":54711,"minecraft:sprint_one_cm":923602,"minecraft:damage_blocked_by_shield":725,"minecraft:drop":331,"minecraft:talked_to_villager":438,"minecraft:play_time":740771,"minecraft:deaths":4,"minecraft:jump":6318,"minecraft:walk_on_water_one_cm":32920,"minecraft:interact_with_furnace":134,"minecraft:traded_with_villager":858,"minecraft:interact_with_loom":3,"minecraft:sleep_in_bed":30,"minecraft:damage_dealt":12214,"minecraft:crouch_one_cm":100640,"minecraft:interact_with_smoker":1,"minecraft:interact_with_smithing_table":16,"minecraft:mob_kills":62,"minecraft:interact_with_anvil":8,"minecraft:inspect_hopper":5,"minecraft:climb_one_cm":23800,"minecraft:walk_one_cm":2073362,"minecraft:sneak_time":20450,"minecraft:walk_under_water_one_cm":42967,"minecraft:boat_one_cm":416211,"minecraft:interact_with_blast_furnace":3,"minecraft:total_world_time":740771,"minecraft:interact_with_grindstone":2,"minecraft:interact_with_stonecutter":2,"minecraft:time_since_rest":35513,"minecraft:damage_taken":2564,"minecraft:swim_one_cm":52367,"minecraft:fly_one_cm":644584,"minecraft:open_chest":384,"minecraft:fall_one_cm":105485},"minecraft:mined":{"minecraft:spruce_planks":17,"minecraft:white_bed":2,"minecraft:farmland":2,"minecraft:obsidian":9,"minecraft:spruce_trapdoor":3,"minecraft:granite":2,"minecraft:grass_block":280,"minecraft:composter":2,"minecraft:raw_iron_block":1,"minecraft:cobbled_deepslate":2,"minecraft:iron_ore":76,"minecraft:fire":7,"minecraft:barrel":8,"minecraft:fletching_table":5,"minecraft:deepslate_lapis_ore":13,"minecraft:anvil":4,"minecraft:water_cauldron":1,"minecraft:dirt_path":29,"minecraft:spruce_slab":3,"minecraft:deepslate_redstone_ore":16,"minecraft:red_bed":5,"minecraft:torch":11,"minecraft:blast_furnace":6,"minecraft:nether_quartz_ore":35,"minecraft:cobblestone":20,"minecraft:grindstone":2,"minecraft:sugar_cane":3,"minecraft:wall_torch":14,"minecraft:wheat":111,"minecraft:loom":12,"minecraft:sand":197,"minecraft:dirt":716,"minecraft:stonecutter":1,"minecraft:netherrack":58,"minecraft:deepslate":26,"minecraft:nether_gold_ore":18,"minecraft:crying_obsidian":1,"minecraft:tuff":21,"minecraft:deepslate_diamond_ore":3,"minecraft:ladder":1,"minecraft:spruce_leaves":27,"minecraft:red_mushroom":2,"minecraft:sandstone":5,"minecraft:furnace":9,"minecraft:carrots":152,"minecraft:snow":9,"minecraft:stripped_spruce_log":62,"minecraft:gold_block":2,"minecraft:bookshelf":4,"minecraft:potatoes":244,"minecraft:deepslate_iron_ore":63,"minecraft:cobblestone_slab":29,"minecraft:packed_ice":5,"minecraft:stone":1780,"minecraft:white_wool":23,"minecraft:smithing_table":7,"minecraft:soul_sand":20,"minecraft:spruce_door":4,"minecraft:crafting_table":7,"minecraft:short_grass":95,"minecraft:emerald_ore":2,"minecraft:lectern":81,"minecraft:copper_ore":16,"minecraft:lapis_ore":4,"minecraft:deepslate_gold_ore":19,"minecraft:blue_bed":40,"minecraft:ice":7,"minecraft:spruce_log":77,"minecraft:coal_ore":176,"minecraft:gravel":61,"minecraft:cobweb":28,"minecraft:gold_ore":3},"minecraft:crafted":{"minecraft:grindstone":1,"minecraft:smooth_stone":23,"minecraft:cobblestone_slab":36,"minecraft:loom":2,"minecraft:stone":333,"minecraft:lever":1,"minecraft:bookshelf":7,"minecraft:hopper":4,"minecraft:diamond_leggings":4,"minecraft:iron_boots":1,"minecraft:chest":16,"minecraft:stone_hoe":2,"minecraft:cooked_rabbit":1,"minecraft:emerald":742,"minecraft:cooked_porkchop":1,"minecraft:diamond_axe":3,"minecraft:crafting_table":5,"minecraft:spruce_planks":536,"minecraft:wooden_pickaxe":1,"minecraft:baked_potato":48,"minecraft:iron_helmet":11,"minecraft:spruce_door":3,"minecraft:chainmail_chestplate":8,"minecraft:copper_ingot":19,"minecraft:spruce_trapdoor":16,"minecraft:lectern":3,"minecraft:iron_chestplate":1,"minecraft:diamond_pickaxe":4,"minecraft:shield":2,"minecraft:stick":120,"minecraft:stone_slab":6,"minecraft:iron_ingot":154,"minecraft:iron_pickaxe":3,"minecraft:iron_block":3,"minecraft:stone_sword":1,"minecraft:gold_ingot":41,"minecraft:shears":1,"minecraft:raw_iron":9,"minecraft:stone_shovel":23,"minecraft:tripwire_hook":2,"minecraft:iron_nugget":30,"minecraft:furnace":3,"minecraft:blast_furnace":1,"minecraft:flint_and_steel":2,"minecraft:ladder":3,"minecraft:spruce_slab":36,"minecraft:stone_pickaxe":39,"minecraft:diamond_boots":4,"minecraft:spruce_boat":1,"minecraft:iron_sword":1,"minecraft:bell":1,"minecraft:cooked_salmon":4,"minecraft:bucket":1,"minecraft:stone_axe":2,"minecraft:enchanted_book":4,"minecraft:bread":20,"minecraft:air":0,"minecraft:white_wool":13288,"minecraft:chainmail_boots":12,"minecraft:wooden_axe":1,"minecraft:iron_shovel":3,"minecraft:iron_leggings":1,"minecraft:stonecutter":1,"minecraft:anvil":1,"minecraft:white_bed":1,"minecraft:torch":144},"minecraft:dropped":{"minecraft:baked_potato":10,"minecraft:flint":1,"minecraft:gold_nugget":1,"minecraft:sand":119,"minecraft:gold_ingot":25,"minecraft:bone":1,"minecraft:gravel":45,"minecraft:nether_brick":10,"minecraft:wheat":17,"minecraft:rotten_flesh":8,"minecraft:carrot":86,"minecraft:poppy":1,"minecraft:spruce_slab":4,"minecraft:arrow":1,"minecraft:crying_obsidian":4,"minecraft:netherrack":2,"minecraft:bread":8,"minecraft:clock":1,"minecraft:poisonous_potato":1,"minecraft:feather":1,"minecraft:copper_ingot":1,"minecraft:coal":1,"minecraft:stick":2,"minecraft:cooked_salmon":6,"minecraft:fire_charge":4,"minecraft:string":76,"minecraft:tripwire_hook":1,"minecraft:redstone":4,"minecraft:filled_map":1,"minecraft:potato":127,"minecraft:cobblestone_slab":1,"minecraft:spruce_boat":1,"minecraft:spider_eye":3,"minecraft:sandstone":4},"minecraft:killed":{"minecraft:spider":2,"minecraft:skeleton":3,"minecraft:chicken":1,"minecraft:pig":1,"minecraft:zombie_villager":4,"minecraft:salmon":8,"minecraft:iron_golem":3,"minecraft:zombie":31,"minecraft:stray":3,"minecraft:rabbit":2,"minecraft:wither_skeleton":1,"minecraft:villager":1},"minecraft:broken":{"minecraft:iron_shovel":1,"minecraft:golden_shovel":1,"minecraft:stone_pickaxe":13,"minecraft:stone_axe":2,"minecraft:wooden_axe":1,"minecraft:stone_shovel":3,"minecraft:stone_hoe":2,"minecraft:wooden_pickaxe":1,"minecraft:iron_pickaxe":1},"minecraft:killed_by":{"minecraft:blaze":2,"minecraft:zombie":1}},"DataVersion":3955}