{"stats":{"minecraft:crafted":{"minecraft:cooked_porkchop":1,"minecraft:crafting_table":2,"minecraft:spruce_planks":116,"minecraft:iron_helmet":1,"minecraft:wooden_pickaxe":1,"minecraft:spruce_door":3,"minecraft:furnace":1,"minecraft:cooked_salmon":4,"minecraft:bucket":1,"minecraft:air":0,"minecraft:flint_and_steel":1,"minecraft:iron_boots":1,"minecraft:iron_chestplate":1,"minecraft:shield":1,"minecraft:spruce_slab":18,"minecraft:stick":12,"minecraft:iron_pickaxe":1,"minecraft:iron_ingot":21,"minecraft:stone_pickaxe":1,"minecraft:wooden_axe":1,"minecraft:stone_sword":1,"minecraft:iron_leggings":1,"minecraft:gold_ingot":18,"minecraft:spruce_boat":1,"minecraft:torch":4,"minecraft:cooked_rabbit":1},"minecraft:mined":{"minecraft:spruce_planks":13,"minecraft:spruce_door":3,"minecraft:crafting_table":7,"minecraft:torch":5,"minecraft:emerald_ore":2,"minecraft:grass_block":4,"minecraft:copper_ore":10,"minecraft:spruce_leaves":6,"minecraft:sugar_cane":3,"minecraft:sandstone":5,"minecraft:blue_bed":9,"minecraft:furnace":8,"minecraft:iron_ore":21,"minecraft:fire":1,"minecraft:barrel":5,"minecraft:ice":2,"minecraft:spruce_log":30,"minecraft:fletching_table":2,"minecraft:gold_block":2,"minecraft:coal_ore":71,"minecraft:water_cauldron":1,"minecraft:gravel":5,"minecraft:sand":197,"minecraft:dirt":5,"minecraft:packed_ice":1,"minecraft:cobweb":28,"minecraft:stone":111,"minecraft:netherrack":2,"minecraft:spruce_slab":3},"minecraft:used":{"minecraft:golden_boots":1,"minecraft:water_bucket":27,"minecraft:leather_leggings":2,"minecraft:stone_sword":56,"minecraft:spruce_door":5,"minecraft:flint_and_steel":1,"minecraft:stone_pickaxe":131,"minecraft:spruce_slab":20,"minecraft:spruce_planks":26,"minecraft:wooden_pickaxe":59,"minecraft:shield":2,"minecraft:iron_sword":11,"minecraft:cooked_salmon":1,"minecraft:blue_bed":9,"minecraft:rotten_flesh":2,"minecraft:iron_chestplate":2,"minecraft:torch":8,"minecraft:dirt":14,"minecraft:sand":10,"minecraft:crafting_table":9,"minecraft:carrot":4,"minecraft:golden_shovel":73,"minecraft:spruce_boat":10,"minecraft:wooden_axe":55,"minecraft:iron_pickaxe":48,"minecraft:bread":2,"minecraft:iron_helmet":1,"minecraft:leather_helmet":2,"minecraft:iron_boots":1,"minecraft:barrel":5,"minecraft:cobblestone":14,"minecraft:cooked_cod":4,"minecraft:furnace":9,"minecraft:cooked_porkchop":1,"minecraft:cooked_rabbit":1,"minecraft:bucket":28,"minecraft:iron_leggings":1,"minecraft:experience_bottle":1},"minecraft:broken":{"minecraft:stone_pickaxe":1,"minecraft:wooden_axe":1,"minecraft:golden_shovel":1,"minecraft:wooden_pickaxe":1},"minecraft:dropped":{"minecraft:clock":1,"minecraft:copper_ingot":1,"minecraft:stick":2,"minecraft:filled_map":1,"minecraft:fire_charge":1,"minecraft:sandstone":4,"minecraft:sand":119},"minecraft:custom":{"minecraft:interact_with_furnace":35,"minecraft:mob_kills":16,"minecraft:interact_with_crafting_table":17,"minecraft:open_barrel":22,"minecraft:leave_game":2,"minecraft:time_since_death":84173,"minecraft:sleep_in_bed":14,"minecraft:time_since_rest":5739,"minecraft:sprint_one_cm":219542,"minecraft:damage_taken":489,"minecraft:walk_one_cm":282790,"minecraft:damage_blocked_by_shield":50,"minecraft:drop":21,"minecraft:damage_dealt":1640,"minecraft:swim_one_cm":49396,"minecraft:fly_one_cm":287714,"minecraft:open_chest":32,"minecraft:crouch_one_cm":1597,"minecraft:play_time":133036,"minecraft:sneak_time":830,"minecraft:deaths":1,"minecraft:walk_under_water_one_cm":38729,"minecraft:boat_one_cm":412086,"minecraft:jump":1977,"minecraft:walk_on_water_one_cm":20774,"minecraft:total_world_time":133036,"minecraft:interact_with_smoker":1,"minecraft:fall_one_cm":44825},"minecraft:picked_up":{"minecraft:crafting_table":7,"minecraft:clock":1,"minecraft:salmon":7,"minecraft:filled_map":1,"minecraft:gold_block":2,"minecraft:dirt":14,"minecraft:blue_bed":9,"minecraft:string":25,"minecraft:raw_copper":77,"minecraft:spruce_planks":13,"minecraft:iron_ingot":4,"minecraft:fletching_table":2,"minecraft:spruce_slab":2,"minecraft:rabbit":1,"minecraft:sugar_cane":14,"minecraft:furnace":8,"minecraft:raw_iron":21,"minecraft:sandstone":8,"minecraft:copper_ingot":1,"minecraft:torch":5,"minecraft:gravel":5,"minecraft:porkchop":1,"minecraft:sand":193,"minecraft:spruce_sapling":1,"minecraft:spider_eye":1,"minecraft:spruce_log":30,"minecraft:spruce_door":3,"minecraft:barrel":5,"minecraft:cauldron":1,"minecraft:stone_sword":1,"minecraft:arrow":2,"minecraft:rotten_flesh":2,"minecraft:spruce_boat":10,"minecraft:emerald":2,"minecraft:netherrack":2,"minecraft:coal":134,"minecraft:cobblestone":110},"minecraft:killed":{"minecraft:pig":1,"minecraft:zombie_villager":1,"minecraft:salmon":8,"minecraft:rabbit":2,"minecraft:spider":1,"minecraft:iron_golem":1,"minecraft:skeleton":1}},"DataVersion":3955}