{"stats":{"minecraft:killed_by":{"minecraft:zombie":1},"minecraft:crafted":{"minecraft:smooth_stone":20,"minecraft:cobblestone_slab":24,"minecraft:tripwire_hook":2,"minecraft:furnace":1,"minecraft:stone":23,"minecraft:lever":1,"minecraft:flint_and_steel":1,"minecraft:hopper":4,"minecraft:iron_boots":1,"minecraft:spruce_slab":18,"minecraft:stone_pickaxe":1,"minecraft:chest":13,"minecraft:spruce_boat":1,"minecraft:stone_hoe":1,"minecraft:cooked_rabbit":1,"minecraft:cooked_porkchop":1,"minecraft:crafting_table":3,"minecraft:spruce_planks":204,"minecraft:wooden_pickaxe":1,"minecraft:iron_helmet":1,"minecraft:spruce_door":3,"minecraft:cooked_salmon":4,"minecraft:bucket":1,"minecraft:stone_axe":1,"minecraft:air":0,"minecraft:spruce_trapdoor":8,"minecraft:iron_chestplate":1,"minecraft:shield":1,"minecraft:stick":28,"minecraft:iron_ingot":25,"minecraft:iron_pickaxe":1,"minecraft:wooden_axe":1,"minecraft:stone_sword":1,"minecraft:iron_leggings":1,"minecraft:iron_shovel":1,"minecraft:gold_ingot":18,"minecraft:stonecutter":1,"minecraft:torch":28,"minecraft:shears":1},"minecraft:broken":{"minecraft:golden_shovel":1,"minecraft:wooden_pickaxe":1,"minecraft:stone_pickaxe":1,"minecraft:wooden_axe":1},"minecraft:used":{"minecraft:stone_sword":56,"minecraft:iron_shovel":127,"minecraft:flint_and_steel":1,"minecraft:spruce_slab":20,"minecraft:chest":9,"minecraft:spruce_planks":26,"minecraft:shield":7,"minecraft:iron_sword":49,"minecraft:cooked_salmon":1,"minecraft:rotten_flesh":2,"minecraft:iron_chestplate":2,"minecraft:torch":33,"minecraft:dirt":170,"minecraft:hopper":4,"minecraft:carrot":6,"minecraft:golden_shovel":73,"minecraft:spruce_boat":10,"minecraft:wooden_axe":55,"minecraft:iron_helmet":1,"minecraft:iron_boots":2,"minecraft:barrel":10,"minecraft:tripwire_hook":2,"minecraft:furnace":9,"minecraft:cooked_cod":4,"minecraft:iron_leggings":1,"minecraft:golden_boots":1,"minecraft:water_bucket":35,"minecraft:leather_leggings":2,"minecraft:spruce_door":6,"minecraft:stone_pickaxe":131,"minecraft:wooden_pickaxe":59,"minecraft:stonecutter":1,"minecraft:blue_bed":19,"minecraft:cobblestone_slab":17,"minecraft:sand":10,"minecraft:crafting_table":10,"minecraft:red_bed":3,"minecraft:white_bed":1,"minecraft:shears":1,"minecraft:lever":1,"minecraft:bread":8,"minecraft:string":3,"minecraft:iron_pickaxe":235,"minecraft:leather_helmet":2,"minecraft:spruce_trapdoor":7,"minecraft:stone_axe":26,"minecraft:cobblestone":34,"minecraft:cooked_porkchop":1,"minecraft:smithing_table":1,"minecraft:cooked_rabbit":1,"minecraft:bucket":36,"minecraft:smooth_stone":17,"minecraft:experience_bottle":1},"minecraft:mined":{"minecraft:spruce_planks":13,"minecraft:white_bed":1,"minecraft:spruce_trapdoor":1,"minecraft:grass_block":34,"minecraft:spruce_leaves":12,"minecraft:sandstone":5,"minecraft:furnace":8,"minecraft:iron_ore":21,"minecraft:fire":1,"minecraft:barrel":8,"minecraft:snow":1,"minecraft:stripped_spruce_log":10,"minecraft:fletching_table":2,"minecraft:gold_block":2,"minecraft:water_cauldron":1,"minecraft:cobblestone_slab":3,"minecraft:dirt_path":19,"minecraft:packed_ice":5,"minecraft:stone":288,"minecraft:spruce_slab":3,"minecraft:smithing_table":1,"minecraft:red_bed":3,"minecraft:spruce_door":4,"minecraft:crafting_table":7,"minecraft:torch":5,"minecraft:emerald_ore":2,"minecraft:copper_ore":10,"minecraft:sugar_cane":3,"minecraft:blue_bed":19,"minecraft:wall_torch":6,"minecraft:ice":2,"minecraft:spruce_log":44,"minecraft:coal_ore":75,"minecraft:gravel":5,"minecraft:sand":197,"minecraft:dirt":156,"minecraft:cobweb":28,"minecraft:netherrack":2},"minecraft:dropped":{"minecraft:clock":1,"minecraft:copper_ingot":1,"minecraft:stick":2,"minecraft:cooked_salmon":6,"minecraft:fire_charge":1,"minecraft:sand":119,"minecraft:tripwire_hook":1,"minecraft:wheat":17,"minecraft:rotten_flesh":2,"minecraft:filled_map":1,"minecraft:sandstone":4},"minecraft:picked_up":{"minecraft:iron_chestplate":1,"minecraft:crafting_table":7,"minecraft:wheat":34,"minecraft:smithing_table":1,"minecraft:gold_block":2,"minecraft:golden_sword":1,"minecraft:shield":1,"minecraft:string":53,"minecraft:red_bed":3,"minecraft:raw_copper":77,"minecraft:cooked_salmon":12,"minecraft:iron_leggings":1,"minecraft:iron_shovel":1,"minecraft:smooth_stone":20,"minecraft:spruce_planks":18,"minecraft:cobblestone_slab":3,"minecraft:poppy":2,"minecraft:iron_pickaxe":1,"minecraft:spruce_slab":2,"minecraft:sugar_cane":28,"minecraft:iron_boots":1,"minecraft:furnace":8,"minecraft:stick":1,"minecraft:raw_iron":21,"minecraft:sandstone":8,"minecraft:copper_ingot":1,"minecraft:torch":17,"minecraft:fire_charge":2,"minecraft:porkchop":1,"minecraft:carrot":8,"minecraft:golden_chestplate":1,"minecraft:cauldron":1,"minecraft:rotten_flesh":6,"minecraft:stone_sword":1,"minecraft:arrow":2,"minecraft:gold_ingot":5,"minecraft:obsidian":4,"minecraft:snowball":32,"minecraft:cobblestone":491,"minecraft:clock":1,"minecraft:tripwire_hook":2,"minecraft:water_bucket":1,"minecraft:salmon":7,"minecraft:potato":20,"minecraft:filled_map":1,"minecraft:flint":12,"minecraft:blue_bed":19,"minecraft:dirt":329,"minecraft:heart_of_the_sea":1,"minecraft:iron_ingot":18,"minecraft:rabbit":1,"minecraft:fletching_table":4,"minecraft:bamboo":2,"minecraft:iron_sword":1,"minecraft:book":4,"minecraft:gravel":5,"minecraft:sand":193,"minecraft:stripped_spruce_log":10,"minecraft:spruce_sapling":1,"minecraft:white_bed":1,"minecraft:spruce_log":42,"minecraft:barrel":10,"minecraft:spider_eye":2,"minecraft:spruce_door":4,"minecraft:stone_axe":1,"minecraft:spruce_boat":11,"minecraft:iron_helmet":1,"minecraft:bread":13,"minecraft:emerald":2,"minecraft:netherrack":2,"minecraft:coal":138,"minecraft:hopper":3},"minecraft:custom":{"minecraft:interact_with_smithing_table":2,"minecraft:mob_kills":18,"minecraft:interact_with_crafting_table":40,"minecraft:open_barrel":50,"minecraft:bell_ring":11,"minecraft:leave_game":5,"minecraft:time_since_death":17833,"minecraft:sprint_one_cm":324108,"minecraft:walk_one_cm":455930,"minecraft:damage_blocked_by_shield":150,"minecraft:drop":26,"minecraft:talked_to_villager":4,"minecraft:play_time":199159,"minecraft:deaths":2,"minecraft:sneak_time":2377,"minecraft:walk_under_water_one_cm":42011,"minecraft:boat_one_cm":412086,"minecraft:jump":2653,"minecraft:walk_on_water_one_cm":21556,"minecraft:total_world_time":199159,"minecraft:interact_with_furnace":43,"minecraft:interact_with_stonecutter":2,"minecraft:sleep_in_bed":15,"minecraft:time_since_rest":695,"minecraft:damage_taken":946,"minecraft:damage_dealt":3241,"minecraft:swim_one_cm":49396,"minecraft:fly_one_cm":370456,"minecraft:open_chest":44,"minecraft:crouch_one_cm":11667,"minecraft:interact_with_smoker":1,"minecraft:fall_one_cm":58233},"minecraft:killed":{"minecraft:spider":1,"minecraft:skeleton":1,"minecraft:pig":1,"minecraft:zombie_villager":1,"minecraft:salmon":8,"minecraft:rabbit":2,"minecraft:iron_golem":2,"minecraft:zombie":1}},"DataVersion":3955}