{"stats":{"minecraft:crafted":{"minecraft:cooked_porkchop":1,"minecraft:crafting_table":1,"minecraft:spruce_planks":24,"minecraft:stick":12,"minecraft:wooden_pickaxe":1,"minecraft:stone_pickaxe":1,"minecraft:wooden_axe":1,"minecraft:furnace":1,"minecraft:spruce_boat":1,"minecraft:air":0},"minecraft:broken":{"minecraft:wooden_pickaxe":1},"minecraft:mined":{"minecraft:furnace":2,"minecraft:spruce_log":21,"minecraft:crafting_table":3,"minecraft:grass_block":1,"minecraft:coal_ore":18,"minecraft:gravel":5,"minecraft:dirt":4,"minecraft:copper_ore":10,"minecraft:spruce_leaves":1,"minecraft:stone":84},"minecraft:used":{"minecraft:spruce_boat":1,"minecraft:wooden_axe":26,"minecraft:stone_pickaxe":55,"minecraft:wooden_pickaxe":59,"minecraft:dirt":4,"minecraft:crafting_table":3,"minecraft:furnace":2,"minecraft:cooked_porkchop":1},"minecraft:picked_up":{"minecraft:crafting_table":3,"minecraft:copper_ingot":1,"minecraft:gravel":5,"minecraft:porkchop":1,"minecraft:spruce_sapling":1,"minecraft:spruce_log":21,"minecraft:dirt":5,"minecraft:raw_copper":77,"minecraft:rotten_flesh":2,"minecraft:spruce_boat":1,"minecraft:coal":35,"minecraft:cobblestone":84,"minecraft:furnace":2},"minecraft:custom":{"minecraft:time_since_rest":14449,"minecraft:interact_with_furnace":4,"minecraft:sprint_one_cm":22472,"minecraft:damage_taken":173,"minecraft:walk_one_cm":36558,"minecraft:mob_kills":2,"minecraft:damage_dealt":220,"minecraft:interact_with_crafting_table":4,"minecraft:fly_one_cm":32391,"minecraft:play_time":14449,"minecraft:boat_one_cm":35391,"minecraft:jump":274,"minecraft:time_since_death":14449,"minecraft:total_world_time":14449,"minecraft:fall_one_cm":7447},"minecraft:killed":{"minecraft:pig":1}},"DataVersion":3955}