{"stats":{"minecraft:picked_up":{"minecraft:crafting_table":7,"minecraft:iron_chestplate":1,"minecraft:wheat":34,"minecraft:smithing_table":6,"minecraft:gold_block":2,"minecraft:shield":1,"minecraft:golden_sword":1,"minecraft:string":169,"minecraft:red_bed":3,"minecraft:raw_copper":96,"minecraft:cooked_salmon":12,"minecraft:iron_leggings":1,"minecraft:iron_shovel":1,"minecraft:smooth_stone":20,"minecraft:spruce_planks":22,"minecraft:cobblestone_slab":16,"minecraft:spruce_slab":8,"minecraft:poppy":3,"minecraft:iron_pickaxe":1,"minecraft:lectern":30,"minecraft:sugar_cane":28,"minecraft:spruce_trapdoor":2,"minecraft:furnace":9,"minecraft:iron_boots":1,"minecraft:tipped_arrow":1,"minecraft:stick":7,"minecraft:raw_iron":21,"minecraft:sandstone":8,"minecraft:composter":2,"minecraft:copper_ingot":1,"minecraft:torch":28,"minecraft:porkchop":1,"minecraft:fire_charge":2,"minecraft:carrot":26,"minecraft:golden_chestplate":1,"minecraft:cauldron":1,"minecraft:stone_sword":1,"minecraft:arrow":3,"minecraft:rotten_flesh":12,"minecraft:gold_ingot":5,"minecraft:obsidian":4,"minecraft:snowball":66,"minecraft:cobblestone":1327,"minecraft:clock":1,"minecraft:feather":2,"minecraft:tripwire_hook":2,"minecraft:water_bucket":1,"minecraft:salmon":7,"minecraft:potato":94,"minecraft:filled_map":1,"minecraft:flint":13,"minecraft:dirt":658,"minecraft:blue_bed":21,"minecraft:bone":1,"minecraft:stonecutter":1,"minecraft:wheat_seeds":20,"minecraft:heart_of_the_sea":1,"minecraft:iron_ingot":19,"minecraft:fletching_table":7,"minecraft:rabbit":1,"minecraft:bamboo":2,"minecraft:iron_sword":1,"minecraft:book":4,"minecraft:gravel":15,"minecraft:sand":193,"minecraft:stripped_spruce_log":10,"minecraft:spruce_sapling":1,"minecraft:white_bed":1,"minecraft:spruce_log":69,"minecraft:loom":10,"minecraft:spruce_door":4,"minecraft:spider_eye":3,"minecraft:barrel":10,"minecraft:spruce_boat":11,"minecraft:stone_axe":1,"minecraft:iron_helmet":1,"minecraft:bread":13,"minecraft:emerald":2,"minecraft:netherrack":2,"minecraft:coal":175,"minecraft:hopper":3},"minecraft:used":{"minecraft:stone_sword":56,"minecraft:iron_shovel":250,"minecraft:flint_and_steel":1,"minecraft:spruce_slab":20,"minecraft:stone_shovel":131,"minecraft:ladder":3,"minecraft:poppy":1,"minecraft:chest":9,"minecraft:spruce_planks":61,"minecraft:shield":9,"minecraft:iron_sword":69,"minecraft:stone":124,"minecraft:cooked_salmon":1,"minecraft:rotten_flesh":2,"minecraft:stone_hoe":96,"minecraft:iron_chestplate":2,"minecraft:torch":76,"minecraft:dirt":419,"minecraft:hopper":4,"minecraft:carrot":31,"minecraft:golden_shovel":73,"minecraft:snowball":4,"minecraft:spruce_boat":10,"minecraft:wooden_axe":55,"minecraft:iron_helmet":1,"minecraft:iron_boots":2,"minecraft:barrel":10,"minecraft:tripwire_hook":2,"minecraft:furnace":11,"minecraft:cooked_cod":4,"minecraft:potato":94,"minecraft:iron_leggings":1,"minecraft:golden_boots":1,"minecraft:wheat_seeds":20,"minecraft:water_bucket":44,"minecraft:leather_leggings":2,"minecraft:spruce_door":6,"minecraft:stone_pickaxe":1054,"minecraft:wooden_pickaxe":59,"minecraft:blue_bed":21,"minecraft:composter":2,"minecraft:fletching_table":4,"minecraft:cobblestone_slab":24,"minecraft:stonecutter":1,"minecraft:sand":10,"minecraft:crafting_table":10,"minecraft:loom":12,"minecraft:red_bed":3,"minecraft:white_bed":1,"minecraft:shears":1,"minecraft:lever":1,"minecraft:bread":18,"minecraft:string":3,"minecraft:iron_pickaxe":251,"minecraft:lectern":30,"minecraft:leather_helmet":2,"minecraft:spruce_trapdoor":17,"minecraft:stone_axe":114,"minecraft:cobblestone":47,"minecraft:smithing_table":6,"minecraft:cooked_porkchop":1,"minecraft:cooked_rabbit":1,"minecraft:bucket":44,"minecraft:smooth_stone":17,"minecraft:experience_bottle":1},"minecraft:custom":{"minecraft:interact_with_smithing_table":3,"minecraft:mob_kills":25,"minecraft:interact_with_crafting_table":55,"minecraft:open_barrel":73,"minecraft:bell_ring":11,"minecraft:leave_game":8,"minecraft:time_since_death":187396,"minecraft:climb_one_cm":12909,"minecraft:sprint_one_cm":524929,"minecraft:walk_one_cm":951309,"minecraft:damage_blocked_by_shield":230,"minecraft:drop":44,"minecraft:talked_to_villager":143,"minecraft:play_time":368722,"minecraft:sneak_time":4785,"minecraft:deaths":2,"minecraft:walk_under_water_one_cm":42011,"minecraft:boat_one_cm":412086,"minecraft:jump":3704,"minecraft:walk_on_water_one_cm":22991,"minecraft:total_world_time":368722,"minecraft:interact_with_furnace":68,"minecraft:traded_with_villager":59,"minecraft:interact_with_loom":1,"minecraft:interact_with_stonecutter":2,"minecraft:sleep_in_bed":19,"minecraft:time_since_rest":33531,"minecraft:damage_taken":1245,"minecraft:damage_dealt":4281,"minecraft:swim_one_cm":49396,"minecraft:fly_one_cm":451620,"minecraft:open_chest":75,"minecraft:crouch_one_cm":30906,"minecraft:interact_with_smoker":1,"minecraft:fall_one_cm":72196},"minecraft:crafted":{"minecraft:smooth_stone":20,"minecraft:cobblestone_slab":30,"minecraft:stone_shovel":1,"minecraft:tripwire_hook":2,"minecraft:furnace":2,"minecraft:loom":2,"minecraft:stone":182,"minecraft:lever":1,"minecraft:bookshelf":1,"minecraft:flint_and_steel":1,"minecraft:hopper":4,"minecraft:iron_boots":1,"minecraft:ladder":3,"minecraft:spruce_slab":24,"minecraft:stone_pickaxe":9,"minecraft:chest":13,"minecraft:spruce_boat":1,"minecraft:stone_hoe":1,"minecraft:cooked_rabbit":1,"minecraft:emerald":55,"minecraft:cooked_porkchop":1,"minecraft:crafting_table":3,"minecraft:spruce_planks":312,"minecraft:iron_helmet":1,"minecraft:wooden_pickaxe":1,"minecraft:spruce_door":3,"minecraft:cooked_salmon":4,"minecraft:bucket":1,"minecraft:stone_axe":2,"minecraft:air":0,"minecraft:spruce_trapdoor":16,"minecraft:lectern":1,"minecraft:white_wool":1206,"minecraft:iron_chestplate":1,"minecraft:shield":1,"minecraft:stick":92,"minecraft:iron_ingot":25,"minecraft:iron_pickaxe":1,"minecraft:wooden_axe":1,"minecraft:stone_sword":1,"minecraft:iron_shovel":1,"minecraft:iron_leggings":1,"minecraft:gold_ingot":18,"minecraft:stonecutter":1,"minecraft:torch":72,"minecraft:shears":1},"minecraft:mined":{"minecraft:spruce_planks":17,"minecraft:white_bed":1,"minecraft:farmland":2,"minecraft:spruce_trapdoor":3,"minecraft:grass_block":145,"minecraft:spruce_leaves":26,"minecraft:composter":2,"minecraft:sandstone":5,"minecraft:furnace":9,"minecraft:carrots":7,"minecraft:iron_ore":21,"minecraft:fire":1,"minecraft:barrel":8,"minecraft:snow":3,"minecraft:stripped_spruce_log":10,"minecraft:fletching_table":5,"minecraft:gold_block":2,"minecraft:potatoes":28,"minecraft:cobblestone_slab":16,"minecraft:water_cauldron":1,"minecraft:dirt_path":23,"minecraft:packed_ice":5,"minecraft:stone":1147,"minecraft:spruce_slab":3,"minecraft:smithing_table":6,"minecraft:red_bed":3,"minecraft:spruce_door":4,"minecraft:crafting_table":7,"minecraft:torch":10,"minecraft:short_grass":95,"minecraft:emerald_ore":2,"minecraft:lectern":30,"minecraft:copper_ore":16,"minecraft:cobblestone":14,"minecraft:sugar_cane":3,"minecraft:wall_torch":10,"minecraft:blue_bed":21,"minecraft:wheat":7,"minecraft:ice":7,"minecraft:spruce_log":72,"minecraft:coal_ore":110,"minecraft:loom":10,"minecraft:gravel":16,"minecraft:sand":197,"minecraft:dirt":376,"minecraft:cobweb":28,"minecraft:stonecutter":1,"minecraft:netherrack":2},"minecraft:dropped":{"minecraft:clock":1,"minecraft:feather":1,"minecraft:copper_ingot":1,"minecraft:coal":1,"minecraft:stick":2,"minecraft:cooked_salmon":6,"minecraft:fire_charge":1,"minecraft:sand":119,"minecraft:string":1,"minecraft:tripwire_hook":1,"minecraft:bone":1,"minecraft:gravel":1,"minecraft:wheat":17,"minecraft:rotten_flesh":8,"minecraft:filled_map":1,"minecraft:poppy":1,"minecraft:cobblestone_slab":1,"minecraft:spider_eye":2,"minecraft:spruce_slab":4,"minecraft:sandstone":4,"minecraft:arrow":1},"minecraft:killed":{"minecraft:spider":1,"minecraft:skeleton":1,"minecraft:chicken":1,"minecraft:pig":1,"minecraft:zombie_villager":1,"minecraft:salmon":8,"minecraft:rabbit":2,"minecraft:iron_golem":2,"minecraft:zombie":5,"minecraft:stray":1,"minecraft:villager":1},"minecraft:broken":{"minecraft:iron_shovel":1,"minecraft:golden_shovel":1,"minecraft:wooden_pickaxe":1,"minecraft:stone_pickaxe":8,"minecraft:iron_pickaxe":1,"minecraft:wooden_axe":1,"minecraft:stone_shovel":1},"minecraft:killed_by":{"minecraft:zombie":1}},"DataVersion":3955}