{"stats":{"minecraft:crafted":{"minecraft:cobblestone_slab":24,"minecraft:furnace":1,"minecraft:flint_and_steel":1,"minecraft:iron_boots":1,"minecraft:spruce_slab":18,"minecraft:stone_pickaxe":1,"minecraft:spruce_boat":1,"minecraft:cooked_rabbit":1,"minecraft:cooked_porkchop":1,"minecraft:crafting_table":3,"minecraft:spruce_planks":116,"minecraft:wooden_pickaxe":1,"minecraft:iron_helmet":1,"minecraft:spruce_door":3,"minecraft:cooked_salmon":4,"minecraft:bucket":1,"minecraft:air":0,"minecraft:iron_chestplate":1,"minecraft:shield":1,"minecraft:stick":20,"minecraft:iron_ingot":21,"minecraft:iron_pickaxe":1,"minecraft:wooden_axe":1,"minecraft:stone_sword":1,"minecraft:iron_leggings":1,"minecraft:iron_shovel":1,"minecraft:gold_ingot":18,"minecraft:torch":28},"minecraft:broken":{"minecraft:golden_shovel":1,"minecraft:wooden_pickaxe":1,"minecraft:stone_pickaxe":1,"minecraft:wooden_axe":1},"minecraft:used":{"minecraft:stone_sword":56,"minecraft:iron_shovel":127,"minecraft:flint_and_steel":1,"minecraft:spruce_slab":20,"minecraft:spruce_planks":26,"minecraft:shield":2,"minecraft:iron_sword":20,"minecraft:cooked_salmon":1,"minecraft:rotten_flesh":2,"minecraft:iron_chestplate":2,"minecraft:torch":30,"minecraft:dirt":57,"minecraft:carrot":4,"minecraft:golden_shovel":73,"minecraft:spruce_boat":10,"minecraft:wooden_axe":55,"minecraft:iron_helmet":1,"minecraft:iron_boots":1,"minecraft:barrel":5,"minecraft:furnace":9,"minecraft:cooked_cod":4,"minecraft:iron_leggings":1,"minecraft:golden_boots":1,"minecraft:water_bucket":27,"minecraft:leather_leggings":2,"minecraft:spruce_door":5,"minecraft:stone_pickaxe":131,"minecraft:wooden_pickaxe":59,"minecraft:blue_bed":18,"minecraft:cobblestone_slab":15,"minecraft:sand":10,"minecraft:crafting_table":10,"minecraft:red_bed":3,"minecraft:white_bed":1,"minecraft:bread":5,"minecraft:iron_pickaxe":232,"minecraft:leather_helmet":2,"minecraft:cobblestone":31,"minecraft:cooked_porkchop":1,"minecraft:cooked_rabbit":1,"minecraft:bucket":28,"minecraft:experience_bottle":1},"minecraft:mined":{"minecraft:spruce_planks":13,"minecraft:white_bed":1,"minecraft:grass_block":24,"minecraft:spruce_leaves":6,"minecraft:sandstone":5,"minecraft:furnace":8,"minecraft:iron_ore":21,"minecraft:fire":1,"minecraft:barrel":5,"minecraft:snow":1,"minecraft:fletching_table":2,"minecraft:gold_block":2,"minecraft:water_cauldron":1,"minecraft:cobblestone_slab":1,"minecraft:dirt_path":19,"minecraft:packed_ice":5,"minecraft:stone":288,"minecraft:spruce_slab":3,"minecraft:red_bed":3,"minecraft:spruce_door":3,"minecraft:crafting_table":7,"minecraft:torch":5,"minecraft:emerald_ore":2,"minecraft:copper_ore":10,"minecraft:sugar_cane":3,"minecraft:blue_bed":19,"minecraft:wall_torch":5,"minecraft:ice":2,"minecraft:spruce_log":30,"minecraft:coal_ore":75,"minecraft:gravel":5,"minecraft:sand":197,"minecraft:dirt":144,"minecraft:cobweb":28,"minecraft:netherrack":2},"minecraft:dropped":{"minecraft:clock":1,"minecraft:copper_ingot":1,"minecraft:stick":2,"minecraft:fire_charge":1,"minecraft:sand":119,"minecraft:filled_map":1,"minecraft:sandstone":4},"minecraft:custom":{"minecraft:mob_kills":16,"minecraft:interact_with_crafting_table":21,"minecraft:open_barrel":25,"minecraft:bell_ring":11,"minecraft:leave_game":3,"minecraft:time_since_death":107190,"minecraft:sprint_one_cm":258361,"minecraft:walk_one_cm":365481,"minecraft:damage_blocked_by_shield":50,"minecraft:drop":21,"minecraft:play_time":156053,"minecraft:deaths":1,"minecraft:sneak_time":948,"minecraft:walk_under_water_one_cm":38729,"minecraft:boat_one_cm":412086,"minecraft:jump":2217,"minecraft:walk_on_water_one_cm":20774,"minecraft:total_world_time":156053,"minecraft:interact_with_furnace":35,"minecraft:sleep_in_bed":14,"minecraft:time_since_rest":28756,"minecraft:damage_taken":549,"minecraft:damage_dealt":1640,"minecraft:swim_one_cm":49396,"minecraft:fly_one_cm":313214,"minecraft:open_chest":35,"minecraft:crouch_one_cm":2824,"minecraft:interact_with_smoker":1,"minecraft:fall_one_cm":49257},"minecraft:picked_up":{"minecraft:crafting_table":7,"minecraft:gold_block":2,"minecraft:red_bed":3,"minecraft:string":25,"minecraft:raw_copper":77,"minecraft:spruce_planks":13,"minecraft:cobblestone_slab":1,"minecraft:spruce_slab":2,"minecraft:sugar_cane":14,"minecraft:furnace":8,"minecraft:raw_iron":21,"minecraft:sandstone":8,"minecraft:copper_ingot":1,"minecraft:torch":10,"minecraft:porkchop":1,"minecraft:cauldron":1,"minecraft:rotten_flesh":2,"minecraft:stone_sword":1,"minecraft:arrow":2,"minecraft:snowball":1,"minecraft:cobblestone":286,"minecraft:clock":1,"minecraft:salmon":7,"minecraft:filled_map":1,"minecraft:blue_bed":19,"minecraft:dirt":192,"minecraft:iron_ingot":4,"minecraft:rabbit":1,"minecraft:fletching_table":2,"minecraft:gravel":5,"minecraft:sand":193,"minecraft:spruce_sapling":1,"minecraft:white_bed":1,"minecraft:spruce_log":30,"minecraft:barrel":5,"minecraft:spider_eye":1,"minecraft:spruce_door":3,"minecraft:spruce_boat":10,"minecraft:emerald":2,"minecraft:netherrack":2,"minecraft:coal":138},"minecraft:killed":{"minecraft:spider":1,"minecraft:skeleton":1,"minecraft:pig":1,"minecraft:zombie_villager":1,"minecraft:salmon":8,"minecraft:rabbit":2,"minecraft:iron_golem":1}},"DataVersion":3955}