{"stats":{"minecraft:crafted":{"minecraft:cooked_porkchop":1,"minecraft:crafting_table":1,"minecraft:spruce_planks":36,"minecraft:wooden_pickaxe":1,"minecraft:spruce_door":3,"minecraft:furnace":1,"minecraft:bucket":1,"minecraft:air":0,"minecraft:flint_and_steel":1,"minecraft:iron_chestplate":1,"minecraft:shield":1,"minecraft:stick":12,"minecraft:iron_pickaxe":1,"minecraft:iron_ingot":17,"minecraft:stone_pickaxe":1,"minecraft:wooden_axe":1,"minecraft:stone_sword":1,"minecraft:gold_ingot":18,"minecraft:spruce_boat":1,"minecraft:torch":4,"minecraft:cooked_rabbit":1},"minecraft:mined":{"minecraft:crafting_table":7,"minecraft:emerald_ore":2,"minecraft:grass_block":2,"minecraft:copper_ore":10,"minecraft:spruce_leaves":6,"minecraft:sugar_cane":1,"minecraft:blue_bed":7,"minecraft:furnace":5,"minecraft:iron_ore":21,"minecraft:barrel":5,"minecraft:fire":1,"minecraft:spruce_log":30,"minecraft:gold_block":2,"minecraft:fletching_table":1,"minecraft:coal_ore":50,"minecraft:water_cauldron":1,"minecraft:gravel":5,"minecraft:dirt":4,"minecraft:cobweb":28,"minecraft:stone":110,"minecraft:netherrack":2},"minecraft:used":{"minecraft:golden_boots":1,"minecraft:leather_leggings":2,"minecraft:stone_sword":56,"minecraft:spruce_door":2,"minecraft:flint_and_steel":1,"minecraft:stone_pickaxe":131,"minecraft:wooden_pickaxe":59,"minecraft:shield":2,"minecraft:blue_bed":6,"minecraft:rotten_flesh":2,"minecraft:iron_chestplate":2,"minecraft:torch":3,"minecraft:dirt":6,"minecraft:crafting_table":7,"minecraft:spruce_boat":6,"minecraft:wooden_axe":43,"minecraft:bread":1,"minecraft:iron_pickaxe":14,"minecraft:leather_helmet":2,"minecraft:barrel":2,"minecraft:cobblestone":10,"minecraft:furnace":5,"minecraft:cooked_porkchop":1,"minecraft:cooked_rabbit":1,"minecraft:bucket":1},"minecraft:broken":{"minecraft:stone_pickaxe":1,"minecraft:wooden_pickaxe":1},"minecraft:dropped":{"minecraft:clock":1,"minecraft:copper_ingot":1,"minecraft:stick":2,"minecraft:filled_map":1},"minecraft:custom":{"minecraft:interact_with_furnace":24,"minecraft:mob_kills":14,"minecraft:interact_with_crafting_table":10,"minecraft:open_barrel":11,"minecraft:time_since_death":13586,"minecraft:sleep_in_bed":10,"minecraft:time_since_rest":0,"minecraft:sprint_one_cm":99575,"minecraft:damage_taken":358,"minecraft:walk_one_cm":175248,"minecraft:damage_blocked_by_shield":50,"minecraft:drop":4,"minecraft:damage_dealt":1020,"minecraft:swim_one_cm":24607,"minecraft:fly_one_cm":124393,"minecraft:open_chest":7,"minecraft:crouch_one_cm":45,"minecraft:play_time":62449,"minecraft:deaths":1,"minecraft:sneak_time":386,"minecraft:walk_under_water_one_cm":23785,"minecraft:boat_one_cm":142233,"minecraft:jump":1058,"minecraft:walk_on_water_one_cm":11217,"minecraft:total_world_time":62449,"minecraft:interact_with_smoker":1,"minecraft:fall_one_cm":23136},"minecraft:picked_up":{"minecraft:crafting_table":7,"minecraft:clock":1,"minecraft:salmon":7,"minecraft:filled_map":1,"minecraft:gold_block":2,"minecraft:dirt":6,"minecraft:string":24,"minecraft:blue_bed":7,"minecraft:raw_copper":77,"minecraft:fletching_table":1,"minecraft:rabbit":1,"minecraft:sugar_cane":7,"minecraft:furnace":5,"minecraft:raw_iron":21,"minecraft:copper_ingot":1,"minecraft:porkchop":1,"minecraft:gravel":5,"minecraft:spruce_sapling":1,"minecraft:spruce_log":30,"minecraft:barrel":5,"minecraft:cauldron":1,"minecraft:stone_sword":1,"minecraft:arrow":2,"minecraft:rotten_flesh":2,"minecraft:spruce_boat":5,"minecraft:emerald":2,"minecraft:netherrack":2,"minecraft:coal":113,"minecraft:cobblestone":109},"minecraft:killed":{"minecraft:pig":1,"minecraft:zombie_villager":1,"minecraft:salmon":8,"minecraft:rabbit":2,"minecraft:skeleton":1}},"DataVersion":3955}