{"stats":{"minecraft:picked_up":{"minecraft:iron_chestplate":1,"minecraft:crafting_table":7,"minecraft:wheat":53,"minecraft:anvil":3,"minecraft:ladder":2,"minecraft:smithing_table":7,"minecraft:gold_block":2,"minecraft:shield":1,"minecraft:golden_sword":1,"minecraft:string":2463,"minecraft:red_bed":5,"minecraft:raw_copper":96,"minecraft:cooked_salmon":12,"minecraft:iron_leggings":1,"minecraft:iron_shovel":1,"minecraft:smooth_stone":20,"minecraft:cobbled_deepslate":51,"minecraft:spruce_planks":22,"minecraft:cobblestone_slab":27,"minecraft:poppy":4,"minecraft:iron_pickaxe":1,"minecraft:spruce_slab":8,"minecraft:lectern":44,"minecraft:sugar_cane":28,"minecraft:spruce_trapdoor":2,"minecraft:iron_boots":1,"minecraft:furnace":9,"minecraft:tipped_arrow":1,"minecraft:stick":7,"minecraft:raw_iron":138,"minecraft:sandstone":8,"minecraft:composter":2,"minecraft:copper_ingot":1,"minecraft:torch":36,"minecraft:fire_charge":2,"minecraft:porkchop":1,"minecraft:carrot":194,"minecraft:redstone":68,"minecraft:golden_chestplate":1,"minecraft:cauldron":1,"minecraft:stone_sword":1,"minecraft:arrow":3,"minecraft:rotten_flesh":29,"minecraft:gold_ingot":5,"minecraft:obsidian":4,"minecraft:snowball":72,"minecraft:white_wool":1,"minecraft:cobblestone":1920,"minecraft:clock":1,"minecraft:feather":2,"minecraft:tripwire_hook":2,"minecraft:water_bucket":1,"minecraft:salmon":7,"minecraft:potato":342,"minecraft:filled_map":1,"minecraft:flint":15,"minecraft:tuff":25,"minecraft:lapis_lazuli":112,"minecraft:dirt":1007,"minecraft:blue_bed":33,"minecraft:bone":2,"minecraft:stonecutter":1,"minecraft:wheat_seeds":78,"minecraft:raw_gold":22,"minecraft:heart_of_the_sea":1,"minecraft:iron_ingot":24,"minecraft:fletching_table":7,"minecraft:rabbit":1,"minecraft:bamboo":2,"minecraft:iron_sword":1,"minecraft:book":13,"minecraft:poisonous_potato":1,"minecraft:raw_iron_block":1,"minecraft:gravel":82,"minecraft:sand":193,"minecraft:stripped_spruce_log":25,"minecraft:spruce_sapling":1,"minecraft:white_bed":2,"minecraft:spruce_log":69,"minecraft:loom":12,"minecraft:spruce_door":4,"minecraft:spider_eye":4,"minecraft:barrel":10,"minecraft:spruce_boat":14,"minecraft:diamond":3,"minecraft:stone_axe":1,"minecraft:iron_helmet":1,"minecraft:granite":3,"minecraft:bread":15,"minecraft:emerald":11,"minecraft:baked_potato":10,"minecraft:netherrack":2,"minecraft:coal":241,"minecraft:hopper":3},"minecraft:used":{"minecraft:iron_shovel":250,"minecraft:stone_sword":56,"minecraft:flint_and_steel":1,"minecraft:spruce_slab":20,"minecraft:stone_shovel":393,"minecraft:ladder":5,"minecraft:poppy":1,"minecraft:chest":12,"minecraft:spruce_planks":81,"minecraft:shield":21,"minecraft:iron_sword":142,"minecraft:stone":304,"minecraft:cooked_salmon":1,"minecraft:rotten_flesh":2,"minecraft:stone_hoe":172,"minecraft:iron_chestplate":2,"minecraft:torch":166,"minecraft:dirt":585,"minecraft:anvil":4,"minecraft:hopper":4,"minecraft:carrot":127,"minecraft:golden_shovel":73,"minecraft:tuff":25,"minecraft:snowball":4,"minecraft:spruce_boat":12,"minecraft:wooden_axe":55,"minecraft:lava_bucket":1,"minecraft:bookshelf":3,"minecraft:iron_helmet":1,"minecraft:iron_boots":2,"minecraft:barrel":10,"minecraft:tripwire_hook":2,"minecraft:furnace":11,"minecraft:cooked_cod":4,"minecraft:potato":169,"minecraft:cobbled_deepslate":50,"minecraft:iron_leggings":1,"minecraft:golden_boots":1,"minecraft:wheat_seeds":78,"minecraft:water_bucket":47,"minecraft:leather_leggings":2,"minecraft:spruce_door":6,"minecraft:stone_pickaxe":1917,"minecraft:baked_potato":9,"minecraft:blue_bed":32,"minecraft:wooden_pickaxe":59,"minecraft:composter":2,"minecraft:fletching_table":4,"minecraft:cobblestone_slab":40,"minecraft:stonecutter":1,"minecraft:white_wool":93,"minecraft:sand":10,"minecraft:loom":14,"minecraft:crafting_table":11,"minecraft:red_bed":4,"minecraft:white_bed":3,"minecraft:shears":1,"minecraft:lever":1,"minecraft:bread":20,"minecraft:iron_pickaxe":316,"minecraft:string":3,"minecraft:lectern":46,"minecraft:leather_helmet":2,"minecraft:spruce_trapdoor":17,"minecraft:stone_axe":159,"minecraft:cobblestone":59,"minecraft:smithing_table":7,"minecraft:cooked_porkchop":1,"minecraft:cooked_rabbit":1,"minecraft:bucket":49,"minecraft:smooth_stone":17,"minecraft:experience_bottle":1},"minecraft:custom":{"minecraft:interact_with_smithing_table":15,"minecraft:interact_with_anvil":2,"minecraft:mob_kills":43,"minecraft:inspect_hopper":5,"minecraft:interact_with_crafting_table":69,"minecraft:open_barrel":90,"minecraft:bell_ring":11,"minecraft:leave_game":10,"minecraft:time_since_death":392344,"minecraft:climb_one_cm":21646,"minecraft:sprint_one_cm":739029,"minecraft:walk_one_cm":1660379,"minecraft:damage_blocked_by_shield":660,"minecraft:drop":172,"minecraft:talked_to_villager":269,"minecraft:play_time":573670,"minecraft:sneak_time":11752,"minecraft:deaths":2,"minecraft:walk_under_water_one_cm":42967,"minecraft:boat_one_cm":416211,"minecraft:jump":5308,"minecraft:walk_on_water_one_cm":32920,"minecraft:total_world_time":573670,"minecraft:interact_with_furnace":96,"minecraft:traded_with_villager":400,"minecraft:interact_with_loom":2,"minecraft:interact_with_stonecutter":2,"minecraft:sleep_in_bed":21,"minecraft:time_since_rest":5629,"minecraft:damage_taken":1542,"minecraft:damage_dealt":8610,"minecraft:swim_one_cm":52367,"minecraft:fly_one_cm":522546,"minecraft:open_chest":221,"minecraft:crouch_one_cm":58510,"minecraft:interact_with_smoker":1,"minecraft:fall_one_cm":88056},"minecraft:crafted":{"minecraft:smooth_stone":20,"minecraft:raw_iron":9,"minecraft:cobblestone_slab":30,"minecraft:stone_shovel":23,"minecraft:tripwire_hook":2,"minecraft:furnace":2,"minecraft:loom":2,"minecraft:stone":327,"minecraft:lever":1,"minecraft:bookshelf":5,"minecraft:flint_and_steel":1,"minecraft:hopper":4,"minecraft:iron_boots":1,"minecraft:ladder":3,"minecraft:spruce_slab":36,"minecraft:stone_pickaxe":39,"minecraft:chest":16,"minecraft:spruce_boat":1,"minecraft:stone_hoe":2,"minecraft:cooked_rabbit":1,"minecraft:emerald":333,"minecraft:cooked_porkchop":1,"minecraft:diamond_axe":3,"minecraft:crafting_table":4,"minecraft:spruce_planks":372,"minecraft:iron_helmet":1,"minecraft:baked_potato":48,"minecraft:wooden_pickaxe":1,"minecraft:bell":1,"minecraft:spruce_door":3,"minecraft:cooked_salmon":4,"minecraft:copper_ingot":19,"minecraft:bucket":1,"minecraft:stone_axe":2,"minecraft:bread":10,"minecraft:air":0,"minecraft:spruce_trapdoor":16,"minecraft:lectern":2,"minecraft:diamond_pickaxe":2,"minecraft:white_wool":5820,"minecraft:iron_chestplate":1,"minecraft:shield":1,"minecraft:stick":108,"minecraft:iron_ingot":151,"minecraft:iron_pickaxe":3,"minecraft:wooden_axe":1,"minecraft:iron_block":3,"minecraft:stone_sword":1,"minecraft:iron_shovel":2,"minecraft:gold_ingot":18,"minecraft:iron_leggings":1,"minecraft:stonecutter":1,"minecraft:anvil":1,"minecraft:white_bed":1,"minecraft:torch":136,"minecraft:shears":1},"minecraft:mined":{"minecraft:tuff":21,"minecraft:spruce_planks":17,"minecraft:white_bed":2,"minecraft:farmland":2,"minecraft:deepslate_diamond_ore":3,"minecraft:spruce_trapdoor":3,"minecraft:ladder":1,"minecraft:granite":2,"minecraft:grass_block":278,"minecraft:red_mushroom":1,"minecraft:spruce_leaves":26,"minecraft:composter":2,"minecraft:sandstone":5,"minecraft:raw_iron_block":1,"minecraft:furnace":9,"minecraft:carrots":48,"minecraft:cobbled_deepslate":1,"minecraft:iron_ore":76,"minecraft:barrel":8,"minecraft:fire":1,"minecraft:snow":9,"minecraft:anvil":3,"minecraft:stripped_spruce_log":25,"minecraft:deepslate_lapis_ore":13,"minecraft:fletching_table":5,"minecraft:gold_block":2,"minecraft:bookshelf":3,"minecraft:potatoes":102,"minecraft:dirt_path":29,"minecraft:water_cauldron":1,"minecraft:deepslate_iron_ore":63,"minecraft:cobblestone_slab":26,"minecraft:packed_ice":5,"minecraft:stone":1744,"minecraft:white_wool":1,"minecraft:spruce_slab":3,"minecraft:smithing_table":7,"minecraft:deepslate_redstone_ore":16,"minecraft:red_bed":5,"minecraft:spruce_door":4,"minecraft:crafting_table":7,"minecraft:torch":11,"minecraft:short_grass":95,"minecraft:emerald_ore":2,"minecraft:lectern":44,"minecraft:copper_ore":16,"minecraft:cobblestone":16,"minecraft:deepslate_gold_ore":19,"minecraft:lapis_ore":4,"minecraft:sugar_cane":3,"minecraft:blue_bed":33,"minecraft:wall_torch":13,"minecraft:wheat":39,"minecraft:ice":7,"minecraft:spruce_log":72,"minecraft:coal_ore":176,"minecraft:gravel":61,"minecraft:loom":12,"minecraft:sand":197,"minecraft:dirt":688,"minecraft:cobweb":28,"minecraft:stonecutter":1,"minecraft:netherrack":2,"minecraft:gold_ore":3,"minecraft:deepslate":26},"minecraft:dropped":{"minecraft:bread":8,"minecraft:clock":1,"minecraft:baked_potato":10,"minecraft:feather":1,"minecraft:copper_ingot":1,"minecraft:coal":1,"minecraft:flint":1,"minecraft:stick":2,"minecraft:cooked_salmon":6,"minecraft:fire_charge":1,"minecraft:sand":119,"minecraft:string":66,"minecraft:tripwire_hook":1,"minecraft:redstone":4,"minecraft:bone":1,"minecraft:gravel":23,"minecraft:wheat":17,"minecraft:rotten_flesh":8,"minecraft:carrot":73,"minecraft:filled_map":1,"minecraft:poppy":1,"minecraft:cobblestone_slab":1,"minecraft:potato":28,"minecraft:spruce_boat":1,"minecraft:spider_eye":2,"minecraft:spruce_slab":4,"minecraft:sandstone":4,"minecraft:arrow":1},"minecraft:killed":{"minecraft:spider":2,"minecraft:skeleton":3,"minecraft:chicken":1,"minecraft:pig":1,"minecraft:zombie_villager":2,"minecraft:salmon":8,"minecraft:rabbit":2,"minecraft:iron_golem":3,"minecraft:zombie":16,"minecraft:stray":2,"minecraft:villager":1},"minecraft:broken":{"minecraft:iron_shovel":1,"minecraft:golden_shovel":1,"minecraft:stone_hoe":1,"minecraft:wooden_pickaxe":1,"minecraft:stone_pickaxe":13,"minecraft:stone_axe":1,"minecraft:iron_pickaxe":1,"minecraft:wooden_axe":1,"minecraft:stone_shovel":3},"minecraft:killed_by":{"minecraft:zombie":1}},"DataVersion":3955}