{"stats":{"minecraft:mined":{"minecraft:white_bed":4,"minecraft:farmland":1,"minecraft:grass_block":18,"minecraft:spruce_leaves":30,"minecraft:composter":3,"minecraft:large_fern":1,"minecraft:furnace":2,"minecraft:carrots":18,"minecraft:iron_ore":2,"minecraft:fire":13,"minecraft:barrel":1,"minecraft:fletching_table":8,"minecraft:bell":1,"minecraft:bookshelf":4,"minecraft:potatoes":7,"minecraft:dirt_path":3,"minecraft:stone":402,"minecraft:white_wool":9,"minecraft:spruce_slab":8,"minecraft:smithing_table":3,"minecraft:crafting_table":6,"minecraft:short_grass":4,"minecraft:blast_furnace":5,"minecraft:emerald_ore":1,"minecraft:chest":6,"minecraft:rose_bush":1,"minecraft:lectern":2,"minecraft:tall_grass":1,"minecraft:copper_ore":3,"minecraft:grindstone":2,"minecraft:sugar_cane":6,"minecraft:yellow_wool":9,"minecraft:wheat":27,"minecraft:spruce_log":79,"minecraft:yellow_bed":5,"minecraft:oak_log":15,"minecraft:coal_ore":26,"minecraft:beetroots":1,"minecraft:oak_fence_gate":6,"minecraft:gravel":65,"minecraft:dirt":82,"minecraft:oak_leaves":9,"minecraft:fern":1},"minecraft:custom":{"minecraft:mob_kills":23,"minecraft:interact_with_crafting_table":27,"minecraft:open_barrel":1,"minecraft:bell_ring":12,"minecraft:leave_game":4,"minecraft:time_since_death":80539,"minecraft:climb_one_cm":652,"minecraft:sprint_one_cm":280331,"minecraft:walk_one_cm":142277,"minecraft:damage_blocked_by_shield":25,"minecraft:drop":25,"minecraft:talked_to_villager":22,"minecraft:play_time":82080,"minecraft:deaths":1,"minecraft:sneak_time":4317,"minecraft:walk_under_water_one_cm":12872,"minecraft:boat_one_cm":219569,"minecraft:jump":1153,"minecraft:interact_with_blast_furnace":1,"minecraft:walk_on_water_one_cm":15225,"minecraft:total_world_time":82080,"minecraft:interact_with_furnace":13,"minecraft:traded_with_villager":3,"minecraft:sleep_in_bed":2,"minecraft:time_since_rest":20958,"minecraft:damage_taken":1007,"minecraft:damage_dealt":3299,"minecraft:swim_one_cm":74262,"minecraft:fly_one_cm":231697,"minecraft:open_chest":22,"minecraft:crouch_one_cm":12995,"minecraft:fall_one_cm":31241},"minecraft:picked_up":{"minecraft:crafting_table":6,"minecraft:wheat":30,"minecraft:yellow_wool":9,"minecraft:suspicious_stew":1,"minecraft:golden_pickaxe":1,"minecraft:smithing_table":3,"minecraft:lead":2,"minecraft:wooden_pickaxe":1,"minecraft:raw_copper":9,"minecraft:flint_and_steel":2,"minecraft:beetroot":1,"minecraft:gold_nugget":11,"minecraft:rose_bush":1,"minecraft:iron_nugget":53,"minecraft:spruce_slab":8,"minecraft:iron_pickaxe":1,"minecraft:lectern":2,"minecraft:sugar_cane":19,"minecraft:chest":6,"minecraft:furnace":2,"minecraft:stick":3,"minecraft:raw_iron":2,"minecraft:composter":3,"minecraft:fire_charge":1,"minecraft:golden_axe":1,"minecraft:carrot":28,"minecraft:golden_chestplate":1,"minecraft:arrow":4,"minecraft:rotten_flesh":1,"minecraft:beetroot_seeds":4,"minecraft:obsidian":2,"minecraft:mutton":4,"minecraft:cod":2,"minecraft:white_wool":14,"minecraft:cobblestone":398,"minecraft:leather_chestplate":1,"minecraft:cooked_beef":4,"minecraft:leather":8,"minecraft:potato":11,"minecraft:filled_map":2,"minecraft:flint":12,"minecraft:oak_log":15,"minecraft:yellow_bed":5,"minecraft:golden_boots":1,"minecraft:gunpowder":4,"minecraft:dirt":117,"minecraft:paper":17,"minecraft:cooked_mutton":4,"minecraft:bone":5,"minecraft:bow":1,"minecraft:wheat_seeds":39,"minecraft:oak_fence_gate":6,"minecraft:bell":1,"minecraft:grindstone":2,"minecraft:iron_ingot":16,"minecraft:stone_pickaxe":1,"minecraft:fletching_table":8,"minecraft:book":12,"minecraft:cooked_porkchop":3,"minecraft:gravel":57,"minecraft:spruce_sapling":13,"minecraft:blast_furnace":5,"minecraft:white_bed":4,"minecraft:spruce_log":78,"minecraft:barrel":1,"minecraft:diamond":2,"minecraft:spruce_boat":6,"minecraft:stone_axe":2,"minecraft:emerald":3,"minecraft:coal":50},"minecraft:crafted":{"minecraft:oak_planks":60,"minecraft:smooth_stone":3,"minecraft:stone_shovel":1,"minecraft:furnace":3,"minecraft:blast_furnace":1,"minecraft:stone":3,"minecraft:yellow_bed":3,"minecraft:bone_meal":6,"minecraft:cooked_mutton":4,"minecraft:iron_axe":1,"minecraft:spruce_slab":12,"minecraft:stone_pickaxe":1,"minecraft:spruce_boat":1,"minecraft:cooked_cod":2,"minecraft:oak_slab":6,"minecraft:emerald":2,"minecraft:crafting_table":3,"minecraft:spruce_planks":112,"minecraft:wooden_pickaxe":1,"minecraft:iron_sword":1,"minecraft:fletching_table":4,"minecraft:bucket":1,"minecraft:stone_axe":1,"minecraft:bread":18,"minecraft:air":0,"minecraft:oak_fence_gate":6,"minecraft:wooden_hoe":1,"minecraft:shield":1,"minecraft:stick":112,"minecraft:iron_ingot":5,"minecraft:iron_pickaxe":2,"minecraft:white_bed":4},"minecraft:killed_by":{"minecraft:player":1},"minecraft:broken":{"minecraft:iron_pickaxe":1},"minecraft:used":{"minecraft:flint_and_steel":15,"minecraft:rose_bush":1,"minecraft:spruce_slab":12,"minecraft:stone_shovel":99,"minecraft:chest":1,"minecraft:shield":1,"minecraft:iron_sword":64,"minecraft:bell":1,"minecraft:dirt":17,"minecraft:carrot":15,"minecraft:oak_fence_gate":6,"minecraft:spruce_boat":6,"minecraft:iron_axe":185,"minecraft:bow":2,"minecraft:furnace":3,"minecraft:cooked_cod":2,"minecraft:cooked_beef":3,"minecraft:cooked_mutton":2,"minecraft:water_bucket":1,"minecraft:stone_pickaxe":31,"minecraft:wooden_pickaxe":19,"minecraft:composter":1,"minecraft:fletching_table":9,"minecraft:blast_furnace":6,"minecraft:oak_slab":6,"minecraft:crafting_table":9,"minecraft:white_bed":8,"minecraft:wooden_hoe":17,"minecraft:bread":12,"minecraft:suspicious_stew":1,"minecraft:iron_pickaxe":408,"minecraft:lectern":1,"minecraft:gravel":46,"minecraft:stone_axe":18,"minecraft:cobblestone":6,"minecraft:grindstone":1,"minecraft:smithing_table":2,"minecraft:bucket":2,"minecraft:yellow_bed":8},"minecraft:dropped":{"minecraft:wheat_seeds":39,"minecraft:golden_pickaxe":1,"minecraft:stick":1,"minecraft:iron_pickaxe":1,"minecraft:spruce_sapling":6,"minecraft:stone_axe":3,"minecraft:bowl":1,"minecraft:beetroot":1,"minecraft:rotten_flesh":1,"minecraft:carrot":13,"minecraft:filled_map":1,"minecraft:leather_chestplate":1,"minecraft:beetroot_seeds":4,"minecraft:wooden_pickaxe":2,"minecraft:stone_pickaxe":2},"minecraft:killed":{"minecraft:cod":2,"minecraft:skeleton":4,"minecraft:pig":3,"minecraft:salmon":1,"minecraft:frog":1,"minecraft:creeper":2,"minecraft:sheep":1,"minecraft:trader_llama":2,"minecraft:zombie":2,"minecraft:cow":4}},"DataVersion":3955}