{"stats":{"minecraft:picked_up":{"minecraft:crafting_table":5,"minecraft:wheat":30,"minecraft:leather_chestplate":1,"minecraft:cooked_beef":4,"minecraft:suspicious_stew":1,"minecraft:golden_pickaxe":1,"minecraft:leather":4,"minecraft:wooden_pickaxe":1,"minecraft:filled_map":2,"minecraft:flint":4,"minecraft:golden_boots":1,"minecraft:dirt":1,"minecraft:paper":17,"minecraft:flint_and_steel":2,"minecraft:cooked_mutton":4,"minecraft:bone":1,"minecraft:gold_nugget":11,"minecraft:iron_ingot":16,"minecraft:stone_pickaxe":1,"minecraft:rose_bush":1,"minecraft:iron_nugget":53,"minecraft:lectern":1,"minecraft:sugar_cane":19,"minecraft:chest":6,"minecraft:book":12,"minecraft:furnace":2,"minecraft:stick":1,"minecraft:raw_iron":2,"minecraft:cooked_porkchop":3,"minecraft:fire_charge":1,"minecraft:golden_axe":1,"minecraft:spruce_sapling":6,"minecraft:spruce_log":28,"minecraft:carrot":7,"minecraft:golden_chestplate":1,"minecraft:rotten_flesh":1,"minecraft:diamond":2,"minecraft:spruce_boat":6,"minecraft:stone_axe":2,"minecraft:emerald":2,"minecraft:mutton":4,"minecraft:obsidian":2,"minecraft:coal":50,"minecraft:cod":2,"minecraft:white_wool":5,"minecraft:cobblestone":20},"minecraft:used":{"minecraft:cooked_mutton":2,"minecraft:rose_bush":1,"minecraft:flint_and_steel":9,"minecraft:stone_pickaxe":31,"minecraft:chest":1,"minecraft:wooden_pickaxe":19,"minecraft:iron_sword":33,"minecraft:dirt":1,"minecraft:crafting_table":7,"minecraft:spruce_boat":6,"minecraft:iron_axe":23,"minecraft:iron_pickaxe":1,"minecraft:suspicious_stew":1,"minecraft:stone_axe":18,"minecraft:cobblestone":5,"minecraft:furnace":2,"minecraft:cooked_cod":2,"minecraft:cooked_beef":3},"minecraft:custom":{"minecraft:interact_with_furnace":7,"minecraft:mob_kills":16,"minecraft:interact_with_crafting_table":8,"minecraft:leave_game":1,"minecraft:time_since_death":32275,"minecraft:climb_one_cm":375,"minecraft:time_since_rest":32308,"minecraft:sprint_one_cm":112875,"minecraft:damage_taken":640,"minecraft:walk_one_cm":29979,"minecraft:drop":18,"minecraft:damage_dealt":1395,"minecraft:swim_one_cm":70398,"minecraft:talked_to_villager":1,"minecraft:fly_one_cm":123140,"minecraft:open_chest":4,"minecraft:crouch_one_cm":1705,"minecraft:play_time":33816,"minecraft:deaths":1,"minecraft:sneak_time":1505,"minecraft:walk_under_water_one_cm":11740,"minecraft:boat_one_cm":219569,"minecraft:jump":541,"minecraft:walk_on_water_one_cm":11295,"minecraft:total_world_time":33816,"minecraft:fall_one_cm":14988},"minecraft:mined":{"minecraft:crafting_table":5,"minecraft:short_grass":2,"minecraft:grass_block":1,"minecraft:chest":6,"minecraft:rose_bush":1,"minecraft:lectern":1,"minecraft:spruce_leaves":7,"minecraft:sugar_cane":6,"minecraft:large_fern":1,"minecraft:furnace":2,"minecraft:iron_ore":2,"minecraft:fire":9,"minecraft:spruce_log":28,"minecraft:bookshelf":4,"minecraft:coal_ore":26,"minecraft:stone":20,"minecraft:oak_leaves":3,"minecraft:fern":1},"minecraft:crafted":{"minecraft:cooked_cod":2,"minecraft:crafting_table":2,"minecraft:spruce_planks":56,"minecraft:wooden_pickaxe":1,"minecraft:iron_sword":1,"minecraft:furnace":1,"minecraft:stone_axe":1,"minecraft:bread":12,"minecraft:cooked_mutton":4,"minecraft:air":0,"minecraft:shield":1,"minecraft:iron_axe":1,"minecraft:stick":12,"minecraft:iron_ingot":5,"minecraft:iron_pickaxe":1,"minecraft:stone_pickaxe":1,"minecraft:spruce_boat":1},"minecraft:dropped":{"minecraft:stone_axe":3,"minecraft:golden_pickaxe":1,"minecraft:bowl":1,"minecraft:rotten_flesh":1,"minecraft:stick":1,"minecraft:filled_map":1,"minecraft:leather_chestplate":1,"minecraft:wooden_pickaxe":2,"minecraft:stone_pickaxe":2,"minecraft:spruce_sapling":6},"minecraft:killed":{"minecraft:pig":3,"minecraft:salmon":1,"minecraft:frog":1,"minecraft:cod":2,"minecraft:sheep":1,"minecraft:skeleton":1,"minecraft:zombie":2,"minecraft:cow":4},"minecraft:killed_by":{"minecraft:player":1}},"DataVersion":3955}