{"stats":{"minecraft:crafted":{"minecraft:cherry_planks":236,"minecraft:oak_planks":36,"minecraft:chainmail_helmet":8,"minecraft:iron_nugget":72,"minecraft:spruce_hanging_sign":6,"minecraft:chain":36,"minecraft:furnace":10,"minecraft:stone":352,"minecraft:bone_meal":45,"minecraft:glass":16,"minecraft:stone_brick_slab":126,"minecraft:diamond_helmet":1,"minecraft:diamond_leggings":1,"minecraft:iron_boots":10,"minecraft:iron_axe":21,"minecraft:spruce_slab":18,"minecraft:iron_hoe":1,"minecraft:stone_pickaxe":3,"minecraft:chest":6,"minecraft:diamond_boots":2,"minecraft:spruce_boat":1,"minecraft:stone_bricks":276,"minecraft:wheat":396,"minecraft:cooked_beef":6,"minecraft:emerald":300,"minecraft:cauldron":1,"minecraft:diamond_axe":7,"minecraft:crafting_table":6,"minecraft:spruce_planks":4268,"minecraft:wooden_pickaxe":1,"minecraft:bucket":1,"minecraft:stone_axe":3,"minecraft:bread":138,"minecraft:air":0,"minecraft:stone_brick_stairs":52,"minecraft:spruce_trapdoor":2,"minecraft:shield":1,"minecraft:stick":8629,"minecraft:iron_ingot":177,"minecraft:iron_pickaxe":6,"minecraft:iron_shovel":1,"minecraft:torch":32,"minecraft:diamond_chestplate":1},"minecraft:broken":{"minecraft:golden_axe":1,"minecraft:iron_axe":2,"minecraft:iron_pickaxe":4,"minecraft:bow":1},"minecraft:mined":{"minecraft:white_bed":6,"minecraft:cherry_log":59,"minecraft:cherry_sapling":1,"minecraft:brewing_stand":1,"minecraft:spruce_trapdoor":5,"minecraft:granite":4,"minecraft:grass_block":3,"minecraft:spruce_leaves":28,"minecraft:hay_block":46,"minecraft:spruce_sapling":5,"minecraft:furnace":19,"minecraft:carrots":19,"minecraft:iron_ore":166,"minecraft:fire":20,"minecraft:andesite":16,"minecraft:stripped_spruce_log":11,"minecraft:deepslate_lapis_ore":3,"minecraft:fletching_table":9,"minecraft:bell":2,"minecraft:bookshelf":4,"minecraft:pointed_dripstone":2,"minecraft:deepslate_iron_ore":12,"minecraft:iron_bars":2,"minecraft:stone":671,"minecraft:spruce_slab":1,"minecraft:spruce_hanging_sign":4,"minecraft:oak_slab":3,"minecraft:cherry_planks":6,"minecraft:red_bed":1,"minecraft:smoker":1,"minecraft:amethyst_cluster":1,"minecraft:dandelion":1,"minecraft:stone_brick_slab":66,"minecraft:oak_fence":6,"minecraft:crafting_table":6,"minecraft:short_grass":21,"minecraft:blast_furnace":1,"minecraft:lectern":1,"minecraft:copper_ore":3,"minecraft:cobblestone":7,"minecraft:deepslate_gold_ore":17,"minecraft:lapis_ore":9,"minecraft:grindstone":2,"minecraft:oak_planks":1,"minecraft:diorite":1,"minecraft:wall_torch":13,"minecraft:spruce_wall_hanging_sign":1,"minecraft:chain":2,"minecraft:sweet_berry_bush":1,"minecraft:ice":1,"minecraft:white_carpet":6,"minecraft:spruce_log":1326,"minecraft:stone_brick_stairs":50,"minecraft:yellow_bed":14,"minecraft:oak_log":9,"minecraft:coal_ore":121,"minecraft:cherry_leaves":31,"minecraft:dirt":112,"minecraft:gravel":83,"minecraft:sand":20,"minecraft:stone_bricks":8,"minecraft:gold_ore":10,"minecraft:deepslate":4},"minecraft:used":{"minecraft:cherry_sapling":3,"minecraft:iron_bars":2,"minecraft:iron_shovel":164,"minecraft:flint_and_steel":20,"minecraft:spruce_slab":7,"minecraft:chest":4,"minecraft:shield":2,"minecraft:stone":76,"minecraft:iron_sword":19,"minecraft:bell":1,"minecraft:torch":48,"minecraft:dirt":7,"minecraft:carrot":20,"minecraft:spruce_boat":5,"minecraft:iron_hoe":18,"minecraft:glass":19,"minecraft:stone_brick_slab":123,"minecraft:lava_bucket":2,"minecraft:iron_axe":647,"minecraft:iron_boots":1,"minecraft:stone_bricks":73,"minecraft:stone_brick_stairs":82,"minecraft:spruce_hanging_sign":11,"minecraft:bow":14,"minecraft:furnace":18,"minecraft:egg":2,"minecraft:cooked_beef":4,"minecraft:golden_axe":96,"minecraft:pointed_dripstone":1,"minecraft:water_bucket":4,"minecraft:stone_pickaxe":134,"minecraft:oak_planks":1,"minecraft:cherry_planks":60,"minecraft:wooden_pickaxe":22,"minecraft:cauldron":1,"minecraft:diamond_axe":810,"minecraft:fletching_table":11,"minecraft:blast_furnace":1,"minecraft:crafting_table":10,"minecraft:red_bed":1,"minecraft:white_bed":2,"minecraft:spruce_log":240,"minecraft:smoker":1,"minecraft:bread":56,"minecraft:iron_pickaxe":1089,"minecraft:spruce_trapdoor":5,"minecraft:gravel":2,"minecraft:spruce_sapling":89,"minecraft:stone_axe":40,"minecraft:pink_petals":5,"minecraft:cobblestone":194,"minecraft:grindstone":3,"minecraft:cooked_porkchop":5,"minecraft:chain":32,"minecraft:bucket":5,"minecraft:andesite":10,"minecraft:yellow_bed":7,"minecraft:bone_meal":45},"minecraft:dropped":{"minecraft:wheat_seeds":3,"minecraft:cherry_log":29,"minecraft:feather":1,"minecraft:cobblestone":6,"minecraft:chainmail_helmet":8,"minecraft:iron_pickaxe":1,"minecraft:dandelion":1,"minecraft:stone_axe":5,"minecraft:white_carpet":6,"minecraft:rotten_flesh":19,"minecraft:oak_planks":3,"minecraft:iron_boots":10,"minecraft:white_bed":1,"minecraft:andesite":2,"minecraft:oak_sapling":10,"minecraft:stone_bricks":1,"minecraft:stone_pickaxe":5,"minecraft:iron_bars":2,"minecraft:arrow":3,"minecraft:bow":1,"minecraft:glass":1,"minecraft:wooden_pickaxe":1},"minecraft:custom":{"minecraft:mob_kills":48,"minecraft:interact_with_crafting_table":44,"minecraft:leave_game":1,"minecraft:time_since_death":208314,"minecraft:climb_one_cm":2996,"minecraft:sprint_one_cm":782251,"minecraft:walk_one_cm":575497,"minecraft:damage_blocked_by_shield":50,"minecraft:drop":62,"minecraft:talked_to_villager":112,"minecraft:play_time":269448,"minecraft:deaths":1,"minecraft:sneak_time":18386,"minecraft:walk_under_water_one_cm":6436,"minecraft:boat_one_cm":131086,"minecraft:jump":3640,"minecraft:interact_with_brewingstand":1,"minecraft:interact_with_blast_furnace":17,"minecraft:walk_on_water_one_cm":19592,"minecraft:total_world_time":269448,"minecraft:interact_with_furnace":73,"minecraft:traded_with_villager":351,"minecraft:interact_with_grindstone":1,"minecraft:sleep_in_bed":8,"minecraft:time_since_rest":86103,"minecraft:damage_taken":2303,"minecraft:damage_dealt":7641,"minecraft:swim_one_cm":45506,"minecraft:fly_one_cm":617999,"minecraft:open_chest":95,"minecraft:crouch_one_cm":53210,"minecraft:interact_with_smoker":2,"minecraft:fall_one_cm":82688},"minecraft:picked_up":{"minecraft:crafting_table":6,"minecraft:chicken":2,"minecraft:stone_brick_stairs":50,"minecraft:chain":2,"minecraft:brewing_stand":1,"minecraft:string":1,"minecraft:red_bed":1,"minecraft:raw_copper":12,"minecraft:white_carpet":12,"minecraft:beef":18,"minecraft:iron_pickaxe":1,"minecraft:spruce_slab":1,"minecraft:lectern":1,"minecraft:spruce_trapdoor":5,"minecraft:egg":2,"minecraft:iron_boots":1,"minecraft:furnace":18,"minecraft:raw_iron":285,"minecraft:stick":81,"minecraft:torch":24,"minecraft:cherry_log":117,"minecraft:pointed_dripstone":5,"minecraft:carrot":35,"minecraft:arrow":18,"minecraft:rotten_flesh":19,"minecraft:hay_block":44,"minecraft:spruce_hanging_sign":5,"minecraft:iron_bars":4,"minecraft:cobblestone":697,"minecraft:pink_petals":5,"minecraft:feather":1,"minecraft:cherry_planks":6,"minecraft:andesite":12,"minecraft:leather":8,"minecraft:smoker":1,"minecraft:flint":12,"minecraft:oak_log":9,"minecraft:yellow_bed":16,"minecraft:gunpowder":4,"minecraft:lapis_lazuli":61,"minecraft:dirt":110,"minecraft:glass":4,"minecraft:bone":20,"minecraft:stone_bricks":9,"minecraft:bow":3,"minecraft:wheat_seeds":3,"minecraft:raw_gold":27,"minecraft:bell":2,"minecraft:grindstone":2,"minecraft:stone_pickaxe":2,"minecraft:iron_ingot":10,"minecraft:fletching_table":10,"minecraft:book":12,"minecraft:cooked_porkchop":8,"minecraft:stone_brick_slab":66,"minecraft:dandelion":1,"minecraft:gravel":70,"minecraft:amethyst_shard":4,"minecraft:sand":20,"minecraft:blast_furnace":1,"minecraft:stripped_spruce_log":11,"minecraft:spruce_sapling":114,"minecraft:spruce_log":1324,"minecraft:white_bed":8,"minecraft:grass_block":1,"minecraft:spider_eye":1,"minecraft:stone_axe":2,"minecraft:spruce_boat":5,"minecraft:cherry_sapling":5,"minecraft:oak_sapling":5,"minecraft:coal":337,"minecraft:ender_pearl":1},"minecraft:killed":{"minecraft:spider":1,"minecraft:skeleton":18,"minecraft:chicken":2,"minecraft:creeper":2,"minecraft:zombie":17,"minecraft:cow":7}},"DataVersion":3955}