{"stats":{"minecraft:crafted":{"minecraft:cooked_beef":6,"minecraft:emerald":33,"minecraft:crafting_table":2,"minecraft:spruce_planks":536,"minecraft:wooden_pickaxe":1,"minecraft:furnace":9,"minecraft:stone":77,"minecraft:bone_meal":6,"minecraft:stone_axe":1,"minecraft:air":0,"minecraft:glass":16,"minecraft:iron_boots":10,"minecraft:stick":1008,"minecraft:iron_hoe":1,"minecraft:iron_ingot":2,"minecraft:iron_pickaxe":2,"minecraft:stone_pickaxe":2,"minecraft:chest":2,"minecraft:iron_shovel":1,"minecraft:spruce_boat":1,"minecraft:torch":24,"minecraft:stone_bricks":32},"minecraft:broken":{"minecraft:iron_pickaxe":1},"minecraft:mined":{"minecraft:white_bed":1,"minecraft:red_bed":1,"minecraft:brewing_stand":1,"minecraft:crafting_table":4,"minecraft:short_grass":2,"minecraft:grass_block":1,"minecraft:copper_ore":3,"minecraft:furnace":8,"minecraft:carrots":13,"minecraft:fire":13,"minecraft:sweet_berry_bush":1,"minecraft:ice":1,"minecraft:white_carpet":6,"minecraft:spruce_log":84,"minecraft:coal_ore":33,"minecraft:gravel":64,"minecraft:iron_bars":2,"minecraft:dirt":102,"minecraft:sand":20,"minecraft:stone":324},"minecraft:used":{"minecraft:water_bucket":3,"minecraft:iron_bars":2,"minecraft:iron_shovel":164,"minecraft:flint_and_steel":13,"minecraft:stone_pickaxe":35,"minecraft:stone":24,"minecraft:chest":2,"minecraft:wooden_pickaxe":22,"minecraft:iron_sword":12,"minecraft:torch":10,"minecraft:dirt":3,"minecraft:crafting_table":5,"minecraft:red_bed":1,"minecraft:carrot":13,"minecraft:spruce_boat":5,"minecraft:iron_hoe":18,"minecraft:glass":15,"minecraft:iron_axe":77,"minecraft:iron_pickaxe":324,"minecraft:spruce_sapling":4,"minecraft:stone_axe":20,"minecraft:cobblestone":1,"minecraft:furnace":14,"minecraft:cooked_porkchop":4,"minecraft:bucket":3,"minecraft:egg":2,"minecraft:cooked_beef":4,"minecraft:bone_meal":3},"minecraft:dropped":{"minecraft:stone_axe":1,"minecraft:feather":1,"minecraft:white_carpet":6,"minecraft:rotten_flesh":6,"minecraft:oak_sapling":10,"minecraft:glass":1,"minecraft:iron_bars":2,"minecraft:wooden_pickaxe":1,"minecraft:stone_pickaxe":4},"minecraft:custom":{"minecraft:interact_with_furnace":50,"minecraft:mob_kills":14,"minecraft:traded_with_villager":43,"minecraft:interact_with_crafting_table":15,"minecraft:time_since_death":59712,"minecraft:sleep_in_bed":1,"minecraft:climb_one_cm":2996,"minecraft:time_since_rest":23140,"minecraft:sprint_one_cm":213956,"minecraft:damage_taken":202,"minecraft:walk_one_cm":94806,"minecraft:drop":16,"minecraft:damage_dealt":1661,"minecraft:talked_to_villager":15,"minecraft:swim_one_cm":31092,"minecraft:fly_one_cm":250161,"minecraft:open_chest":26,"minecraft:crouch_one_cm":20070,"minecraft:play_time":59712,"minecraft:sneak_time":4721,"minecraft:walk_under_water_one_cm":4153,"minecraft:boat_one_cm":131086,"minecraft:jump":930,"minecraft:interact_with_brewingstand":1,"minecraft:walk_on_water_one_cm":10144,"minecraft:total_world_time":59712,"minecraft:fall_one_cm":18116},"minecraft:picked_up":{"minecraft:crafting_table":4,"minecraft:feather":1,"minecraft:chicken":2,"minecraft:leather":8,"minecraft:flint":7,"minecraft:brewing_stand":1,"minecraft:gunpowder":2,"minecraft:dirt":103,"minecraft:red_bed":1,"minecraft:raw_copper":12,"minecraft:white_carpet":12,"minecraft:glass":4,"minecraft:stone_pickaxe":2,"minecraft:iron_ingot":8,"minecraft:beef":18,"minecraft:egg":2,"minecraft:furnace":8,"minecraft:stick":7,"minecraft:cooked_porkchop":8,"minecraft:torch":2,"minecraft:gravel":57,"minecraft:sand":20,"minecraft:spruce_sapling":9,"minecraft:carrot":13,"minecraft:white_bed":1,"minecraft:spruce_log":84,"minecraft:rotten_flesh":6,"minecraft:spruce_boat":5,"minecraft:oak_sapling":5,"minecraft:coal":96,"minecraft:iron_bars":4,"minecraft:cobblestone":324},"minecraft:killed":{"minecraft:creeper":1,"minecraft:zombie":4,"minecraft:chicken":2,"minecraft:cow":7}},"DataVersion":3955}