{"stats":{"minecraft:crafted":{"minecraft:cherry_planks":16,"minecraft:oak_planks":36,"minecraft:chainmail_helmet":8,"minecraft:furnace":10,"minecraft:stone":336,"minecraft:bone_meal":45,"minecraft:glass":16,"minecraft:stone_brick_slab":126,"minecraft:diamond_helmet":1,"minecraft:diamond_leggings":1,"minecraft:iron_boots":10,"minecraft:iron_axe":15,"minecraft:iron_hoe":1,"minecraft:stone_pickaxe":3,"minecraft:chest":2,"minecraft:diamond_boots":2,"minecraft:spruce_boat":1,"minecraft:stone_bricks":96,"minecraft:wheat":396,"minecraft:cooked_beef":6,"minecraft:emerald":180,"minecraft:crafting_table":5,"minecraft:spruce_planks":2688,"minecraft:wooden_pickaxe":1,"minecraft:stone_axe":3,"minecraft:bread":138,"minecraft:air":0,"minecraft:shield":1,"minecraft:stick":5357,"minecraft:iron_ingot":46,"minecraft:iron_pickaxe":4,"minecraft:iron_shovel":1,"minecraft:torch":32,"minecraft:diamond_chestplate":1},"minecraft:broken":{"minecraft:golden_axe":1,"minecraft:iron_axe":2,"minecraft:iron_pickaxe":2,"minecraft:bow":1},"minecraft:mined":{"minecraft:white_bed":4,"minecraft:cherry_log":40,"minecraft:brewing_stand":1,"minecraft:grass_block":1,"minecraft:spruce_leaves":6,"minecraft:hay_block":46,"minecraft:spruce_sapling":5,"minecraft:furnace":18,"minecraft:carrots":19,"minecraft:iron_ore":140,"minecraft:fire":20,"minecraft:andesite":16,"minecraft:stripped_spruce_log":1,"minecraft:fletching_table":5,"minecraft:bell":2,"minecraft:bookshelf":4,"minecraft:deepslate_iron_ore":4,"minecraft:iron_bars":2,"minecraft:stone":438,"minecraft:red_bed":1,"minecraft:smoker":1,"minecraft:amethyst_cluster":1,"minecraft:dandelion":1,"minecraft:stone_brick_slab":28,"minecraft:crafting_table":6,"minecraft:short_grass":20,"minecraft:lectern":1,"minecraft:copper_ore":3,"minecraft:cobblestone":4,"minecraft:lapis_ore":8,"minecraft:grindstone":1,"minecraft:wall_torch":3,"minecraft:sweet_berry_bush":1,"minecraft:ice":1,"minecraft:white_carpet":6,"minecraft:spruce_log":621,"minecraft:yellow_bed":6,"minecraft:oak_log":9,"minecraft:coal_ore":101,"minecraft:cherry_leaves":30,"minecraft:dirt":109,"minecraft:gravel":65,"minecraft:sand":20,"minecraft:gold_ore":6,"minecraft:deepslate":1},"minecraft:used":{"minecraft:iron_bars":2,"minecraft:iron_shovel":164,"minecraft:flint_and_steel":20,"minecraft:chest":2,"minecraft:stone":48,"minecraft:iron_sword":19,"minecraft:bell":1,"minecraft:torch":37,"minecraft:dirt":6,"minecraft:carrot":20,"minecraft:spruce_boat":5,"minecraft:iron_hoe":18,"minecraft:glass":15,"minecraft:stone_brick_slab":52,"minecraft:iron_axe":639,"minecraft:iron_boots":1,"minecraft:bow":14,"minecraft:furnace":15,"minecraft:egg":2,"minecraft:cooked_beef":4,"minecraft:golden_axe":96,"minecraft:water_bucket":4,"minecraft:stone_pickaxe":134,"minecraft:oak_planks":1,"minecraft:cherry_planks":6,"minecraft:wooden_pickaxe":22,"minecraft:fletching_table":7,"minecraft:crafting_table":9,"minecraft:red_bed":1,"minecraft:white_bed":2,"minecraft:bread":37,"minecraft:iron_pickaxe":652,"minecraft:spruce_sapling":61,"minecraft:stone_axe":40,"minecraft:pink_petals":5,"minecraft:cobblestone":112,"minecraft:grindstone":2,"minecraft:cooked_porkchop":5,"minecraft:bucket":3,"minecraft:andesite":10,"minecraft:yellow_bed":2,"minecraft:bone_meal":45},"minecraft:dropped":{"minecraft:wheat_seeds":3,"minecraft:feather":1,"minecraft:chainmail_helmet":8,"minecraft:dandelion":1,"minecraft:stone_axe":5,"minecraft:white_carpet":6,"minecraft:rotten_flesh":19,"minecraft:oak_planks":3,"minecraft:iron_boots":10,"minecraft:andesite":2,"minecraft:oak_sapling":10,"minecraft:stone_bricks":1,"minecraft:stone_pickaxe":5,"minecraft:iron_bars":2,"minecraft:arrow":3,"minecraft:bow":1,"minecraft:glass":1,"minecraft:wooden_pickaxe":1},"minecraft:custom":{"minecraft:mob_kills":45,"minecraft:interact_with_crafting_table":28,"minecraft:leave_game":1,"minecraft:time_since_death":94314,"minecraft:climb_one_cm":2996,"minecraft:sprint_one_cm":522566,"minecraft:walk_one_cm":263808,"minecraft:drop":57,"minecraft:talked_to_villager":65,"minecraft:play_time":155448,"minecraft:deaths":1,"minecraft:sneak_time":11817,"minecraft:walk_under_water_one_cm":5797,"minecraft:boat_one_cm":131086,"minecraft:jump":2506,"minecraft:interact_with_brewingstand":1,"minecraft:interact_with_blast_furnace":6,"minecraft:walk_on_water_one_cm":14922,"minecraft:total_world_time":155448,"minecraft:interact_with_furnace":63,"minecraft:traded_with_villager":218,"minecraft:sleep_in_bed":7,"minecraft:time_since_rest":33336,"minecraft:damage_taken":1882,"minecraft:damage_dealt":7041,"minecraft:swim_one_cm":41364,"minecraft:fly_one_cm":496341,"minecraft:open_chest":57,"minecraft:crouch_one_cm":34657,"minecraft:interact_with_smoker":1,"minecraft:fall_one_cm":60903},"minecraft:picked_up":{"minecraft:crafting_table":6,"minecraft:chicken":2,"minecraft:brewing_stand":1,"minecraft:string":1,"minecraft:red_bed":1,"minecraft:raw_copper":12,"minecraft:white_carpet":12,"minecraft:beef":18,"minecraft:lectern":1,"minecraft:egg":2,"minecraft:iron_boots":1,"minecraft:furnace":18,"minecraft:raw_iron":190,"minecraft:stick":43,"minecraft:torch":11,"minecraft:cherry_log":40,"minecraft:carrot":35,"minecraft:arrow":18,"minecraft:rotten_flesh":19,"minecraft:hay_block":44,"minecraft:iron_bars":4,"minecraft:cobblestone":490,"minecraft:pink_petals":5,"minecraft:feather":1,"minecraft:andesite":12,"minecraft:leather":8,"minecraft:smoker":1,"minecraft:flint":7,"minecraft:oak_log":9,"minecraft:yellow_bed":8,"minecraft:gunpowder":4,"minecraft:lapis_lazuli":55,"minecraft:dirt":109,"minecraft:glass":4,"minecraft:bone":15,"minecraft:stone_bricks":1,"minecraft:bow":3,"minecraft:wheat_seeds":3,"minecraft:raw_gold":6,"minecraft:bell":2,"minecraft:grindstone":1,"minecraft:stone_pickaxe":2,"minecraft:iron_ingot":9,"minecraft:fletching_table":6,"minecraft:book":12,"minecraft:cooked_porkchop":8,"minecraft:stone_brick_slab":28,"minecraft:dandelion":1,"minecraft:gravel":57,"minecraft:amethyst_shard":4,"minecraft:sand":20,"minecraft:stripped_spruce_log":1,"minecraft:spruce_sapling":65,"minecraft:spruce_log":621,"minecraft:white_bed":6,"minecraft:grass_block":1,"minecraft:spider_eye":1,"minecraft:stone_axe":2,"minecraft:spruce_boat":5,"minecraft:cherry_sapling":4,"minecraft:oak_sapling":5,"minecraft:coal":232,"minecraft:ender_pearl":1},"minecraft:killed":{"minecraft:spider":1,"minecraft:skeleton":15,"minecraft:chicken":2,"minecraft:creeper":2,"minecraft:zombie":17,"minecraft:cow":7}},"DataVersion":3955}