{"stats":{"minecraft:picked_up":{"minecraft:ender_chest":5,"minecraft:smithing_table":9,"minecraft:diamond_sword":1,"minecraft:stone_brick_stairs":68,"minecraft:brewing_stand":2,"minecraft:string":6,"minecraft:raw_copper":12,"minecraft:gold_nugget":33,"minecraft:spruce_planks":115,"minecraft:iron_pickaxe":1,"minecraft:iron_boots":1,"minecraft:furnace":45,"minecraft:stick":217,"minecraft:composter":2,"minecraft:torch":102,"minecraft:cherry_log":117,"minecraft:pointed_dripstone":13,"minecraft:cauldron":2,"minecraft:rotten_flesh":23,"minecraft:spruce_hanging_sign":7,"minecraft:blaze_rod":52,"minecraft:obsidian":20,"minecraft:iron_bars":4,"minecraft:cobblestone":2919,"minecraft:pink_petals":5,"minecraft:feather":1,"minecraft:cooked_beef":1,"minecraft:cherry_planks":6,"minecraft:water_bucket":2,"minecraft:andesite":12,"minecraft:smoker":3,"minecraft:potato":3,"minecraft:flint":48,"minecraft:lapis_lazuli":208,"minecraft:dirt":1027,"minecraft:name_tag":2,"minecraft:twisting_vines":37,"minecraft:glass":4,"minecraft:bone":69,"minecraft:bow":7,"minecraft:wheat_seeds":16,"minecraft:raw_gold":81,"minecraft:bell":6,"minecraft:grindstone":4,"minecraft:fletching_table":23,"minecraft:cooked_porkchop":11,"minecraft:sand":20,"minecraft:stripped_spruce_log":13,"minecraft:grass_block":4,"minecraft:barrel":1,"minecraft:spruce_fence_gate":4,"minecraft:diamond":4,"minecraft:spruce_boat":5,"minecraft:breeze_rod":12,"minecraft:golden_apple":1,"minecraft:spruce_sign":9,"minecraft:bread":123,"minecraft:oak_sapling":5,"minecraft:netherrack":1303,"minecraft:diamond_pickaxe":3,"minecraft:crafting_table":16,"minecraft:splash_potion":1,"minecraft:chicken":6,"minecraft:ladder":3,"minecraft:chain":10,"minecraft:shield":1,"minecraft:red_bed":2,"minecraft:iron_axe":39,"minecraft:flint_and_steel":3,"minecraft:white_carpet":24,"minecraft:blackstone":243,"minecraft:beef":30,"minecraft:poppy":2,"minecraft:spruce_slab":23,"minecraft:lectern":100,"minecraft:sugar_cane":19,"minecraft:chest":17,"minecraft:phantom_membrane":7,"minecraft:spruce_trapdoor":12,"minecraft:egg":4,"minecraft:raw_iron":287,"minecraft:stone":134,"minecraft:spruce_fence":2,"minecraft:carrot":351,"minecraft:arrow":66,"minecraft:stone_shovel":4,"minecraft:beetroot_seeds":2,"minecraft:pumpkin_pie":29,"minecraft:diamond_boots":2,"minecraft:hay_block":44,"minecraft:gold_ingot":3,"minecraft:basalt":470,"minecraft:leather":32,"minecraft:oak_log":14,"minecraft:yellow_bed":76,"minecraft:gunpowder":26,"minecraft:cooked_mutton":6,"minecraft:coast_armor_trim_smithing_template":2,"minecraft:apple":7,"minecraft:stone_bricks":75,"minecraft:iron_ingot":35,"minecraft:stone_pickaxe":5,"minecraft:book":60,"minecraft:oak_slab":6,"minecraft:stone_brick_slab":140,"minecraft:quartz":25,"minecraft:dandelion":1,"minecraft:gravel":308,"minecraft:lava_bucket":2,"minecraft:amethyst_shard":12,"minecraft:spruce_sapling":394,"minecraft:blast_furnace":2,"minecraft:white_bed":26,"minecraft:spruce_log":4265,"minecraft:spider_eye":3,"minecraft:diamond_shovel":1,"minecraft:stone_axe":2,"minecraft:diamond_axe":12,"minecraft:cherry_sapling":9,"minecraft:coal":422,"minecraft:ender_pearl":5},"minecraft:used":{"minecraft:cherry_sapling":3,"minecraft:iron_shovel":780,"minecraft:spruce_slab":19,"minecraft:ladder":2,"minecraft:chest":18,"minecraft:shield":11,"minecraft:stone":324,"minecraft:iron_sword":19,"minecraft:bell":1,"minecraft:carrot":196,"minecraft:spruce_boat":5,"minecraft:glass":19,"minecraft:lava_bucket":15,"minecraft:stone_brick_stairs":116,"minecraft:stone_bricks":185,"minecraft:spruce_hanging_sign":13,"minecraft:bow":14,"minecraft:furnace":21,"minecraft:egg":4,"minecraft:stone_pickaxe":134,"minecraft:oak_planks":1,"minecraft:ender_pearl":1,"minecraft:blackstone":13,"minecraft:wooden_pickaxe":22,"minecraft:composter":3,"minecraft:diamond_axe":4110,"minecraft:blast_furnace":2,"minecraft:bread":149,"minecraft:lectern":97,"minecraft:gravel":2,"minecraft:diamond_sword":31,"minecraft:grindstone":5,"minecraft:smithing_table":9,"minecraft:andesite":10,"minecraft:chain":36,"minecraft:bone_meal":108,"minecraft:iron_bars":2,"minecraft:flint_and_steel":73,"minecraft:spruce_planks":41,"minecraft:ender_chest":5,"minecraft:netherrack":134,"minecraft:torch":101,"minecraft:dirt":395,"minecraft:anvil":1,"minecraft:twisting_vines":3,"minecraft:spruce_fence":12,"minecraft:iron_hoe":161,"minecraft:stone_brick_slab":145,"minecraft:bookshelf":4,"minecraft:iron_axe":647,"minecraft:iron_boots":1,"minecraft:barrel":1,"minecraft:basalt":13,"minecraft:cooked_beef":4,"minecraft:golden_axe":96,"minecraft:pointed_dripstone":1,"minecraft:water_bucket":36,"minecraft:cherry_planks":60,"minecraft:spruce_sign":9,"minecraft:cauldron":2,"minecraft:fletching_table":22,"minecraft:spruce_fence_gate":16,"minecraft:oak_slab":3,"minecraft:crafting_table":17,"minecraft:red_bed":2,"minecraft:white_bed":14,"minecraft:smoker":1,"minecraft:spruce_log":401,"minecraft:diamond_pickaxe":1416,"minecraft:diamond_shovel":4,"minecraft:iron_pickaxe":2035,"minecraft:spruce_trapdoor":11,"minecraft:spruce_sapling":276,"minecraft:stone_axe":40,"minecraft:pink_petals":5,"minecraft:cobblestone":207,"minecraft:cooked_porkchop":5,"minecraft:bucket":53,"minecraft:yellow_bed":64},"minecraft:custom":{"minecraft:interact_with_crafting_table":72,"minecraft:open_barrel":2,"minecraft:bell_ring":2,"minecraft:leave_game":1,"minecraft:time_since_death":559498,"minecraft:sprint_one_cm":1988924,"minecraft:damage_blocked_by_shield":315,"minecraft:drop":255,"minecraft:talked_to_villager":443,"minecraft:play_time":620632,"minecraft:deaths":1,"minecraft:jump":8478,"minecraft:interact_with_brewingstand":1,"minecraft:walk_on_water_one_cm":29696,"minecraft:interact_with_furnace":122,"minecraft:traded_with_villager":1171,"minecraft:sleep_in_bed":13,"minecraft:open_enderchest":15,"minecraft:damage_dealt":19135,"minecraft:crouch_one_cm":106520,"minecraft:interact_with_smoker":3,"minecraft:use_cauldron":4,"minecraft:interact_with_smithing_table":1,"minecraft:interact_with_anvil":7,"minecraft:mob_kills":101,"minecraft:climb_one_cm":32083,"minecraft:walk_one_cm":1352318,"minecraft:sneak_time":38135,"minecraft:walk_under_water_one_cm":10143,"minecraft:boat_one_cm":131086,"minecraft:interact_with_blast_furnace":21,"minecraft:total_world_time":620632,"minecraft:interact_with_grindstone":3,"minecraft:time_since_rest":6573,"minecraft:damage_taken":4485,"minecraft:swim_one_cm":63231,"minecraft:fly_one_cm":1353939,"minecraft:open_chest":389,"minecraft:fall_one_cm":167135},"minecraft:mined":{"minecraft:spruce_planks":3,"minecraft:white_bed":17,"minecraft:farmland":16,"minecraft:cherry_log":59,"minecraft:brewing_stand":1,"minecraft:obsidian":14,"minecraft:spruce_trapdoor":11,"minecraft:granite":4,"minecraft:grass_block":84,"minecraft:composter":2,"minecraft:magma_block":7,"minecraft:iron_ore":166,"minecraft:fire":22,"minecraft:barrel":1,"minecraft:fletching_table":18,"minecraft:deepslate_lapis_ore":3,"minecraft:twisting_vines":1,"minecraft:pointed_dripstone":2,"minecraft:dirt_path":16,"minecraft:iron_bars":2,"minecraft:spruce_slab":15,"minecraft:red_bed":2,"minecraft:blackstone":84,"minecraft:smoker":2,"minecraft:amethyst_cluster":1,"minecraft:blast_furnace":2,"minecraft:chest":10,"minecraft:spruce_wall_sign":9,"minecraft:glass":15,"minecraft:nether_quartz_ore":17,"minecraft:cobblestone":19,"minecraft:grindstone":4,"minecraft:oak_planks":1,"minecraft:wall_torch":25,"minecraft:cauldron":2,"minecraft:spruce_wall_hanging_sign":1,"minecraft:chain":6,"minecraft:wheat":3,"minecraft:stone_brick_stairs":60,"minecraft:oak_log":14,"minecraft:beetroots":1,"minecraft:sand":20,"minecraft:dirt":576,"minecraft:netherrack":660,"minecraft:deepslate":4,"minecraft:cherry_sapling":1,"minecraft:spruce_leaves":59,"minecraft:hay_block":46,"minecraft:spruce_sapling":8,"minecraft:furnace":22,"minecraft:carrots":114,"minecraft:andesite":16,"minecraft:stripped_spruce_log":13,"minecraft:bell":3,"minecraft:bookshelf":8,"minecraft:deepslate_iron_ore":12,"minecraft:stone":1972,"minecraft:ender_chest":5,"minecraft:podzol":21,"minecraft:smithing_table":7,"minecraft:spruce_hanging_sign":6,"minecraft:oak_slab":9,"minecraft:cherry_planks":6,"minecraft:basalt":170,"minecraft:stone_brick_slab":71,"minecraft:dandelion":1,"minecraft:oak_fence":6,"minecraft:crafting_table":13,"minecraft:short_grass":42,"minecraft:lectern":96,"minecraft:tall_grass":2,"minecraft:copper_ore":3,"minecraft:lapis_ore":9,"minecraft:deepslate_gold_ore":17,"minecraft:diorite":1,"minecraft:sweet_berry_bush":1,"minecraft:ice":1,"minecraft:white_carpet":6,"minecraft:spruce_log":4266,"minecraft:yellow_bed":64,"minecraft:coal_ore":140,"minecraft:cherry_leaves":31,"minecraft:gravel":208,"minecraft:spruce_fence_gate":4,"minecraft:stone_bricks":12,"minecraft:gold_ore":10},"minecraft:crafted":{"minecraft:ender_chest":1,"minecraft:oak_planks":36,"minecraft:chainmail_helmet":8,"minecraft:spruce_hanging_sign":6,"minecraft:blaze_powder":4,"minecraft:chain":36,"minecraft:stone":594,"minecraft:diamond_shovel":1,"minecraft:bookshelf":4,"minecraft:glass":16,"minecraft:stone_brick_slab":126,"minecraft:diamond_helmet":1,"minecraft:diamond_leggings":1,"minecraft:iron_boots":10,"minecraft:chest":13,"minecraft:ender_eye":2,"minecraft:stone_bricks":404,"minecraft:emerald":1059,"minecraft:cauldron":1,"minecraft:diamond_axe":8,"minecraft:crafting_table":8,"minecraft:spruce_planks":15668,"minecraft:wooden_pickaxe":1,"minecraft:smithing_table":2,"minecraft:stone_brick_stairs":64,"minecraft:spruce_trapdoor":4,"minecraft:diamond_pickaxe":2,"minecraft:shield":1,"minecraft:stick":31178,"minecraft:iron_ingot":179,"minecraft:iron_pickaxe":9,"minecraft:iron_block":3,"minecraft:gold_ingot":27,"minecraft:composter":1,"minecraft:spruce_fence_gate":12,"minecraft:cherry_planks":236,"minecraft:stone_shovel":12,"minecraft:iron_nugget":72,"minecraft:furnace":10,"minecraft:bone_meal":108,"minecraft:spruce_fence":18,"minecraft:flint_and_steel":1,"minecraft:iron_axe":21,"minecraft:ladder":3,"minecraft:spruce_slab":18,"minecraft:iron_hoe":2,"minecraft:stone_pickaxe":27,"minecraft:diamond_boots":2,"minecraft:spruce_boat":1,"minecraft:wheat":396,"minecraft:cooked_beef":6,"minecraft:diamond_sword":1,"minecraft:spruce_sign":12,"minecraft:bucket":1,"minecraft:stone_axe":3,"minecraft:enchanted_book":12,"minecraft:bread":150,"minecraft:air":0,"minecraft:golden_apple":3,"minecraft:iron_shovel":6,"minecraft:anvil":1,"minecraft:torch":32,"minecraft:diamond_chestplate":1},"minecraft:dropped":{"minecraft:oak_log":5,"minecraft:flint":1,"minecraft:dirt":14,"minecraft:pumpkin_pie":29,"minecraft:gold_nugget":3,"minecraft:phantom_membrane":7,"minecraft:iron_pickaxe":2,"minecraft:bone":12,"minecraft:gravel":3,"minecraft:stone_axe":5,"minecraft:blackstone":142,"minecraft:twisting_vines":34,"minecraft:rotten_flesh":22,"minecraft:oak_planks":3,"minecraft:diamond_shovel":1,"minecraft:blaze_powder":1,"minecraft:white_bed":1,"minecraft:carrot":140,"minecraft:poppy":2,"minecraft:gunpowder":5,"minecraft:breeze_rod":6,"minecraft:basalt":304,"minecraft:iron_bars":2,"minecraft:arrow":10,"minecraft:glass":1,"minecraft:quartz":11,"minecraft:netherrack":622,"minecraft:water_bucket":2,"minecraft:wheat_seeds":16,"minecraft:cherry_log":29,"minecraft:feather":1,"minecraft:cobblestone":18,"minecraft:chainmail_helmet":8,"minecraft:grass_block":1,"minecraft:stick":4,"minecraft:iron_axe":1,"minecraft:iron_shovel":3,"minecraft:string":3,"minecraft:spruce_sapling":6,"minecraft:dandelion":1,"minecraft:stone_shovel":16,"minecraft:white_carpet":6,"minecraft:iron_boots":10,"minecraft:flint_and_steel":1,"minecraft:diamond_sword":1,"minecraft:potato":14,"minecraft:shield":1,"minecraft:spruce_planks":5,"minecraft:diamond_pickaxe":2,"minecraft:andesite":2,"minecraft:yellow_bed":1,"minecraft:oak_sapling":10,"minecraft:stone_bricks":1,"minecraft:bow":3,"minecraft:stone_pickaxe":32,"minecraft:wooden_pickaxe":1},"minecraft:killed":{"minecraft:spider":3,"minecraft:skeleton":51,"minecraft:chicken":2,"minecraft:iron_golem":1,"minecraft:creeper":7,"minecraft:zombie":22,"minecraft:cow":7,"minecraft:phantom":4,"minecraft:drowned":1,"minecraft:enderman":1},"minecraft:broken":{"minecraft:iron_shovel":2,"minecraft:bow":1,"minecraft:flint_and_steel":1,"minecraft:golden_axe":1,"minecraft:iron_axe":2,"minecraft:iron_pickaxe":7}},"DataVersion":3955}