{"stats":{"minecraft:picked_up":{"minecraft:ender_chest":18,"minecraft:smithing_table":9,"minecraft:diamond_sword":1,"minecraft:stone_brick_stairs":68,"minecraft:brewing_stand":2,"minecraft:polished_blackstone_brick_stairs":4,"minecraft:string":9,"minecraft:raw_copper":12,"minecraft:gold_nugget":212,"minecraft:cobbled_deepslate":79,"minecraft:spruce_planks":115,"minecraft:iron_pickaxe":1,"minecraft:furnace":45,"minecraft:iron_boots":1,"minecraft:stick":219,"minecraft:composter":2,"minecraft:torch":102,"minecraft:porkchop":4,"minecraft:cherry_log":117,"minecraft:pointed_dripstone":13,"minecraft:diorite":4,"minecraft:cauldron":2,"minecraft:stone_sword":1,"minecraft:rotten_flesh":28,"minecraft:spruce_hanging_sign":7,"minecraft:blaze_rod":66,"minecraft:obsidian":21,"minecraft:iron_bars":4,"minecraft:cobblestone":2965,"minecraft:pink_petals":5,"minecraft:feather":1,"minecraft:cooked_beef":1,"minecraft:cherry_planks":6,"minecraft:water_bucket":2,"minecraft:andesite":12,"minecraft:smoker":3,"minecraft:potato":3,"minecraft:tuff":3,"minecraft:flint":48,"minecraft:lapis_lazuli":210,"minecraft:dirt":1027,"minecraft:name_tag":2,"minecraft:twisting_vines":39,"minecraft:glass":4,"minecraft:bone":103,"minecraft:bow":8,"minecraft:wheat_seeds":16,"minecraft:raw_gold":81,"minecraft:bell":6,"minecraft:grindstone":4,"minecraft:fletching_table":23,"minecraft:cooked_porkchop":11,"minecraft:sand":20,"minecraft:stripped_spruce_log":13,"minecraft:grass_block":4,"minecraft:barrel":1,"minecraft:spruce_fence_gate":4,"minecraft:diamond":43,"minecraft:spruce_boat":5,"minecraft:cracked_polished_blackstone_bricks":26,"minecraft:crossbow":1,"minecraft:breeze_rod":12,"minecraft:golden_apple":1,"minecraft:spruce_sign":9,"minecraft:bread":123,"minecraft:oak_sapling":6,"minecraft:netherrack":2726,"minecraft:diamond_pickaxe":3,"minecraft:crafting_table":16,"minecraft:splash_potion":1,"minecraft:chicken":6,"minecraft:ladder":3,"minecraft:brown_mushroom":2,"minecraft:gold_block":19,"minecraft:chain":10,"minecraft:shield":1,"minecraft:red_bed":2,"minecraft:iron_axe":39,"minecraft:flint_and_steel":3,"minecraft:white_carpet":24,"minecraft:blackstone":314,"minecraft:beef":30,"minecraft:poppy":2,"minecraft:spruce_slab":23,"minecraft:lectern":100,"minecraft:sugar_cane":19,"minecraft:chest":17,"minecraft:spruce_trapdoor":12,"minecraft:phantom_membrane":7,"minecraft:egg":4,"minecraft:raw_iron":287,"minecraft:stone":134,"minecraft:spruce_fence":2,"minecraft:polished_blackstone_bricks":238,"minecraft:carrot":374,"minecraft:arrow":76,"minecraft:stone_shovel":4,"minecraft:beetroot_seeds":2,"minecraft:pumpkin_pie":29,"minecraft:nether_bricks":1,"minecraft:diamond_boots":2,"minecraft:hay_block":44,"minecraft:gold_ingot":3,"minecraft:basalt":513,"minecraft:glow_ink_sac":1,"minecraft:leather":33,"minecraft:oak_log":14,"minecraft:yellow_bed":76,"minecraft:gunpowder":26,"minecraft:cooked_mutton":6,"minecraft:coast_armor_trim_smithing_template":2,"minecraft:apple":7,"minecraft:stone_bricks":93,"minecraft:warped_stem":1,"minecraft:iron_ingot":35,"minecraft:stone_pickaxe":5,"minecraft:book":72,"minecraft:oak_slab":6,"minecraft:stone_brick_slab":140,"minecraft:quartz":485,"minecraft:dandelion":1,"minecraft:gravel":308,"minecraft:lava_bucket":2,"minecraft:amethyst_shard":12,"minecraft:spruce_sapling":394,"minecraft:blast_furnace":2,"minecraft:white_bed":26,"minecraft:spruce_log":4266,"minecraft:spider_eye":5,"minecraft:diamond_shovel":1,"minecraft:stone_axe":2,"minecraft:diamond_axe":12,"minecraft:cherry_sapling":9,"minecraft:warped_roots":3,"minecraft:warped_nylium":5,"minecraft:crimson_nylium":2,"minecraft:coal":434,"minecraft:ender_pearl":33},"minecraft:used":{"minecraft:cherry_sapling":3,"minecraft:iron_shovel":780,"minecraft:spruce_slab":19,"minecraft:ladder":2,"minecraft:chest":18,"minecraft:shield":11,"minecraft:stone":324,"minecraft:iron_sword":19,"minecraft:bell":1,"minecraft:carrot":206,"minecraft:spruce_boat":5,"minecraft:glass":19,"minecraft:lava_bucket":16,"minecraft:warped_nylium":1,"minecraft:stone_brick_stairs":116,"minecraft:stone_bricks":185,"minecraft:spruce_hanging_sign":13,"minecraft:bow":14,"minecraft:furnace":21,"minecraft:egg":4,"minecraft:stone_pickaxe":134,"minecraft:oak_planks":1,"minecraft:ender_pearl":11,"minecraft:blackstone":13,"minecraft:wooden_pickaxe":22,"minecraft:composter":3,"minecraft:diamond_axe":4116,"minecraft:golden_apple":4,"minecraft:blast_furnace":2,"minecraft:bread":205,"minecraft:lectern":97,"minecraft:gravel":2,"minecraft:diamond_sword":298,"minecraft:grindstone":5,"minecraft:smithing_table":9,"minecraft:andesite":10,"minecraft:chain":36,"minecraft:bone_meal":108,"minecraft:iron_bars":2,"minecraft:flint_and_steel":73,"minecraft:spruce_planks":41,"minecraft:ender_chest":18,"minecraft:netherrack":654,"minecraft:torch":101,"minecraft:dirt":395,"minecraft:anvil":1,"minecraft:twisting_vines":3,"minecraft:spruce_fence":12,"minecraft:iron_hoe":161,"minecraft:stone_brick_slab":145,"minecraft:bookshelf":8,"minecraft:iron_axe":647,"minecraft:iron_boots":1,"minecraft:barrel":1,"minecraft:basalt":13,"minecraft:golden_carrot":10,"minecraft:cooked_beef":4,"minecraft:cobbled_deepslate":61,"minecraft:golden_axe":96,"minecraft:pointed_dripstone":1,"minecraft:water_bucket":41,"minecraft:cartography_table":1,"minecraft:cherry_planks":60,"minecraft:cauldron":2,"minecraft:spruce_sign":9,"minecraft:fletching_table":22,"minecraft:spruce_fence_gate":16,"minecraft:polished_blackstone_bricks":8,"minecraft:oak_slab":3,"minecraft:crafting_table":17,"minecraft:red_bed":2,"minecraft:white_bed":14,"minecraft:spruce_log":401,"minecraft:smoker":1,"minecraft:diamond_pickaxe":4810,"minecraft:diamond_shovel":4,"minecraft:iron_pickaxe":2035,"minecraft:spruce_trapdoor":11,"minecraft:spruce_sapling":276,"minecraft:stone_axe":40,"minecraft:pink_petals":5,"minecraft:cobblestone":212,"minecraft:porkchop":4,"minecraft:cooked_porkchop":5,"minecraft:bucket":59,"minecraft:yellow_bed":64},"minecraft:custom":{"minecraft:interact_with_crafting_table":79,"minecraft:open_barrel":2,"minecraft:bell_ring":2,"minecraft:leave_game":2,"minecraft:time_since_death":683980,"minecraft:sprint_one_cm":2585699,"minecraft:damage_blocked_by_shield":315,"minecraft:drop":356,"minecraft:talked_to_villager":455,"minecraft:play_time":745114,"minecraft:deaths":1,"minecraft:jump":12246,"minecraft:interact_with_brewingstand":1,"minecraft:walk_on_water_one_cm":44690,"minecraft:enchant_item":1,"minecraft:interact_with_furnace":124,"minecraft:traded_with_villager":1198,"minecraft:sleep_in_bed":13,"minecraft:open_enderchest":39,"minecraft:damage_dealt":43229,"minecraft:crouch_one_cm":142874,"minecraft:interact_with_smoker":3,"minecraft:use_cauldron":4,"minecraft:interact_with_smithing_table":5,"minecraft:interact_with_anvil":14,"minecraft:mob_kills":199,"minecraft:climb_one_cm":40447,"minecraft:walk_one_cm":1532748,"minecraft:sneak_time":48709,"minecraft:walk_under_water_one_cm":17099,"minecraft:boat_one_cm":131086,"minecraft:interact_with_blast_furnace":22,"minecraft:total_world_time":745114,"minecraft:interact_with_grindstone":4,"minecraft:time_since_rest":131055,"minecraft:damage_absorbed":158,"minecraft:damage_taken":7531,"minecraft:swim_one_cm":95122,"minecraft:fly_one_cm":1918205,"minecraft:open_chest":451,"minecraft:fall_one_cm":266215},"minecraft:mined":{"minecraft:spruce_planks":3,"minecraft:white_bed":17,"minecraft:farmland":16,"minecraft:cherry_log":59,"minecraft:brewing_stand":1,"minecraft:obsidian":16,"minecraft:spruce_trapdoor":11,"minecraft:granite":4,"minecraft:chiseled_polished_blackstone":2,"minecraft:grass_block":84,"minecraft:cracked_polished_blackstone_bricks":29,"minecraft:composter":2,"minecraft:spawner":2,"minecraft:gilded_blackstone":1,"minecraft:polished_blackstone_bricks":136,"minecraft:magma_block":7,"minecraft:cobbled_deepslate":5,"minecraft:iron_ore":166,"minecraft:fire":36,"minecraft:barrel":1,"minecraft:fletching_table":18,"minecraft:deepslate_lapis_ore":3,"minecraft:twisting_vines":1,"minecraft:pointed_dripstone":2,"minecraft:dirt_path":16,"minecraft:iron_bars":2,"minecraft:spruce_slab":15,"minecraft:red_bed":2,"minecraft:blackstone":116,"minecraft:smoker":2,"minecraft:crimson_nylium":7,"minecraft:amethyst_cluster":1,"minecraft:blast_furnace":2,"minecraft:chest":10,"minecraft:spruce_wall_sign":9,"minecraft:nether_quartz_ore":514,"minecraft:glass":15,"minecraft:cobblestone":19,"minecraft:grindstone":4,"minecraft:oak_planks":1,"minecraft:wall_torch":25,"minecraft:cauldron":2,"minecraft:spruce_wall_hanging_sign":1,"minecraft:chain":6,"minecraft:warped_nylium":12,"minecraft:wheat":3,"minecraft:stone_brick_stairs":60,"minecraft:oak_log":14,"minecraft:beetroots":1,"minecraft:sand":20,"minecraft:dirt":576,"minecraft:netherrack":3008,"minecraft:oak_leaves":1,"minecraft:deepslate":90,"minecraft:nether_gold_ore":48,"minecraft:tuff":1,"minecraft:deepslate_diamond_ore":39,"minecraft:cherry_sapling":1,"minecraft:nether_bricks":1,"minecraft:spruce_leaves":59,"minecraft:hay_block":46,"minecraft:spruce_sapling":8,"minecraft:furnace":22,"minecraft:carrots":120,"minecraft:andesite":16,"minecraft:stripped_spruce_log":13,"minecraft:gold_block":19,"minecraft:bell":3,"minecraft:bookshelf":12,"minecraft:deepslate_iron_ore":12,"minecraft:warped_stem":1,"minecraft:stone":2019,"minecraft:ender_chest":18,"minecraft:smithing_table":7,"minecraft:podzol":21,"minecraft:spruce_hanging_sign":6,"minecraft:oak_slab":9,"minecraft:cherry_planks":6,"minecraft:basalt":216,"minecraft:stone_brick_slab":71,"minecraft:dandelion":1,"minecraft:oak_fence":6,"minecraft:crafting_table":13,"minecraft:short_grass":42,"minecraft:warped_roots":1,"minecraft:lectern":96,"minecraft:tall_grass":2,"minecraft:copper_ore":4,"minecraft:deepslate_gold_ore":17,"minecraft:lapis_ore":9,"minecraft:polished_blackstone_brick_stairs":4,"minecraft:diorite":5,"minecraft:sweet_berry_bush":1,"minecraft:ice":1,"minecraft:white_carpet":6,"minecraft:spruce_log":4267,"minecraft:yellow_bed":64,"minecraft:coal_ore":140,"minecraft:cherry_leaves":31,"minecraft:gravel":208,"minecraft:spruce_fence_gate":4,"minecraft:stone_bricks":12,"minecraft:gold_ore":10},"minecraft:crafted":{"minecraft:ender_chest":1,"minecraft:oak_planks":36,"minecraft:chainmail_helmet":8,"minecraft:spruce_hanging_sign":6,"minecraft:blaze_powder":4,"minecraft:chain":36,"minecraft:stone":594,"minecraft:diamond_shovel":1,"minecraft:bookshelf":8,"minecraft:glass":16,"minecraft:stone_brick_slab":126,"minecraft:diamond_helmet":1,"minecraft:diamond_leggings":2,"minecraft:iron_boots":10,"minecraft:chest":13,"minecraft:ender_eye":2,"minecraft:stone_bricks":404,"minecraft:emerald":1059,"minecraft:cauldron":1,"minecraft:diamond_axe":8,"minecraft:crafting_table":8,"minecraft:spruce_planks":15672,"minecraft:wooden_pickaxe":1,"minecraft:snout_armor_trim_smithing_template":8,"minecraft:smithing_table":2,"minecraft:cartography_table":1,"minecraft:stone_brick_stairs":64,"minecraft:spruce_trapdoor":4,"minecraft:paper":9,"minecraft:diamond_pickaxe":2,"minecraft:shield":1,"minecraft:stick":31178,"minecraft:iron_ingot":179,"minecraft:iron_pickaxe":9,"minecraft:iron_block":3,"minecraft:gold_ingot":42,"minecraft:composter":1,"minecraft:spruce_fence_gate":12,"minecraft:golden_carrot":36,"minecraft:cherry_planks":236,"minecraft:stone_shovel":12,"minecraft:iron_nugget":72,"minecraft:furnace":10,"minecraft:bone_meal":108,"minecraft:spruce_fence":18,"minecraft:flint_and_steel":1,"minecraft:iron_axe":21,"minecraft:ladder":3,"minecraft:iron_hoe":2,"minecraft:spruce_slab":18,"minecraft:stone_pickaxe":27,"minecraft:diamond_boots":2,"minecraft:spruce_boat":1,"minecraft:wheat":396,"minecraft:cooked_beef":6,"minecraft:diamond_sword":1,"minecraft:spruce_sign":12,"minecraft:bucket":1,"minecraft:stone_axe":3,"minecraft:enchanted_book":23,"minecraft:bread":150,"minecraft:air":0,"minecraft:golden_apple":3,"minecraft:iron_shovel":6,"minecraft:anvil":1,"minecraft:torch":32,"minecraft:diamond_chestplate":2},"minecraft:dropped":{"minecraft:crimson_nylium":2,"minecraft:warped_stem":1,"minecraft:brown_mushroom":2,"minecraft:lapis_lazuli":4,"minecraft:oak_log":5,"minecraft:glow_ink_sac":1,"minecraft:netherite_upgrade_smithing_template":1,"minecraft:crossbow":1,"minecraft:warped_roots":3,"minecraft:flint":1,"minecraft:cracked_polished_blackstone_bricks":26,"minecraft:dirt":14,"minecraft:polished_blackstone_brick_stairs":4,"minecraft:pumpkin_pie":29,"minecraft:gold_nugget":5,"minecraft:phantom_membrane":7,"minecraft:polished_blackstone_bricks":230,"minecraft:iron_pickaxe":2,"minecraft:bone":12,"minecraft:gravel":3,"minecraft:stone_axe":5,"minecraft:blackstone":190,"minecraft:cobbled_deepslate":18,"minecraft:twisting_vines":36,"minecraft:rotten_flesh":22,"minecraft:oak_planks":3,"minecraft:diamond_shovel":1,"minecraft:blaze_powder":1,"minecraft:white_bed":1,"minecraft:carrot":140,"minecraft:poppy":2,"minecraft:gunpowder":5,"minecraft:breeze_rod":6,"minecraft:basalt":347,"minecraft:iron_bars":2,"minecraft:arrow":18,"minecraft:glass":1,"minecraft:quartz":471,"minecraft:netherrack":1749,"minecraft:water_bucket":2,"minecraft:wheat_seeds":16,"minecraft:cherry_log":29,"minecraft:feather":1,"minecraft:cobblestone":19,"minecraft:chainmail_helmet":8,"minecraft:grass_block":1,"minecraft:coal":12,"minecraft:stick":8,"minecraft:iron_axe":1,"minecraft:iron_shovel":3,"minecraft:string":3,"minecraft:spruce_sapling":6,"minecraft:dandelion":1,"minecraft:warped_nylium":4,"minecraft:stone_sword":1,"minecraft:stone_shovel":16,"minecraft:white_carpet":6,"minecraft:iron_boots":10,"minecraft:nether_bricks":1,"minecraft:flint_and_steel":1,"minecraft:diamond_sword":1,"minecraft:potato":14,"minecraft:shield":1,"minecraft:spruce_planks":5,"minecraft:diamond_pickaxe":2,"minecraft:andesite":2,"minecraft:yellow_bed":1,"minecraft:oak_sapling":11,"minecraft:stone_bricks":27,"minecraft:bow":4,"minecraft:stone_pickaxe":32,"minecraft:wooden_pickaxe":1},"minecraft:killed":{"minecraft:spider":4,"minecraft:skeleton":55,"minecraft:chicken":2,"minecraft:piglin_brute":9,"minecraft:piglin":43,"minecraft:iron_golem":1,"minecraft:creeper":7,"minecraft:zombie":23,"minecraft:ghast":1,"minecraft:cow":7,"minecraft:blaze":5,"minecraft:phantom":4,"minecraft:drowned":1,"minecraft:hoglin":6,"minecraft:wither_skeleton":10,"minecraft:enderman":16},"minecraft:broken":{"minecraft:iron_shovel":2,"minecraft:bow":1,"minecraft:flint_and_steel":1,"minecraft:golden_axe":1,"minecraft:iron_axe":2,"minecraft:iron_pickaxe":7}},"DataVersion":3955}