{"stats":{"minecraft:crafted":{"minecraft:cooked_beef":6,"minecraft:iron_hoe":1,"minecraft:crafting_table":1,"minecraft:spruce_planks":28,"minecraft:stick":8,"minecraft:wooden_pickaxe":1,"minecraft:stone_pickaxe":1,"minecraft:furnace":1,"minecraft:spruce_boat":1,"minecraft:stone_axe":1,"minecraft:air":0},"minecraft:mined":{"minecraft:white_bed":1,"minecraft:furnace":3,"minecraft:red_bed":1,"minecraft:sweet_berry_bush":1,"minecraft:ice":1,"minecraft:white_carpet":6,"minecraft:spruce_log":7,"minecraft:brewing_stand":1,"minecraft:crafting_table":4,"minecraft:grass_block":1,"minecraft:coal_ore":23,"minecraft:sand":20,"minecraft:iron_bars":2,"minecraft:dirt":2,"minecraft:stone":17},"minecraft:used":{"minecraft:spruce_boat":5,"minecraft:water_bucket":1,"minecraft:stone_pickaxe":34,"minecraft:wooden_pickaxe":22,"minecraft:stone_axe":20,"minecraft:cobblestone":1,"minecraft:crafting_table":4,"minecraft:red_bed":1,"minecraft:furnace":1,"minecraft:cooked_porkchop":3,"minecraft:bucket":1,"minecraft:egg":2,"minecraft:cooked_beef":2},"minecraft:dropped":{"minecraft:stone_axe":1,"minecraft:white_carpet":6,"minecraft:feather":1,"minecraft:rotten_flesh":6,"minecraft:stone_pickaxe":1,"minecraft:wooden_pickaxe":1},"minecraft:picked_up":{"minecraft:crafting_table":4,"minecraft:feather":1,"minecraft:chicken":2,"minecraft:cooked_porkchop":8,"minecraft:leather":8,"minecraft:sand":20,"minecraft:white_bed":1,"minecraft:brewing_stand":1,"minecraft:spruce_log":7,"minecraft:dirt":3,"minecraft:red_bed":1,"minecraft:white_carpet":12,"minecraft:rotten_flesh":6,"minecraft:spruce_boat":5,"minecraft:beef":18,"minecraft:iron_bars":2,"minecraft:coal":54,"minecraft:furnace":3,"minecraft:cobblestone":17,"minecraft:egg":2},"minecraft:custom":{"minecraft:time_since_rest":29712,"minecraft:interact_with_furnace":6,"minecraft:sprint_one_cm":130282,"minecraft:damage_taken":130,"minecraft:walk_one_cm":27845,"minecraft:mob_kills":10,"minecraft:drop":8,"minecraft:damage_dealt":950,"minecraft:swim_one_cm":31092,"minecraft:interact_with_crafting_table":7,"minecraft:fly_one_cm":214850,"minecraft:open_chest":9,"minecraft:crouch_one_cm":2807,"minecraft:play_time":29712,"minecraft:sneak_time":1105,"minecraft:walk_under_water_one_cm":4153,"minecraft:boat_one_cm":131086,"minecraft:jump":715,"minecraft:interact_with_brewingstand":1,"minecraft:time_since_death":29712,"minecraft:walk_on_water_one_cm":9800,"minecraft:total_world_time":29712,"minecraft:climb_one_cm":2996,"minecraft:fall_one_cm":14863},"minecraft:killed":{"minecraft:zombie":1,"minecraft:chicken":2,"minecraft:cow":7}},"DataVersion":3955}