{"stats":{"minecraft:crafted":{"minecraft:cooked_beef":6,"minecraft:chainmail_helmet":1,"minecraft:emerald":66,"minecraft:crafting_table":2,"minecraft:spruce_planks":884,"minecraft:wooden_pickaxe":1,"minecraft:furnace":9,"minecraft:stone":336,"minecraft:bone_meal":6,"minecraft:stone_axe":1,"minecraft:bread":6,"minecraft:air":0,"minecraft:glass":16,"minecraft:stone_brick_slab":126,"minecraft:iron_boots":10,"minecraft:iron_axe":1,"minecraft:stick":1704,"minecraft:iron_hoe":1,"minecraft:iron_ingot":43,"minecraft:iron_pickaxe":2,"minecraft:stone_pickaxe":3,"minecraft:diamond_boots":1,"minecraft:chest":2,"minecraft:iron_shovel":1,"minecraft:spruce_boat":1,"minecraft:torch":32,"minecraft:stone_bricks":96},"minecraft:broken":{"minecraft:golden_axe":1,"minecraft:iron_pickaxe":1},"minecraft:mined":{"minecraft:white_bed":1,"minecraft:red_bed":1,"minecraft:brewing_stand":1,"minecraft:crafting_table":4,"minecraft:short_grass":2,"minecraft:grass_block":1,"minecraft:cobblestone":3,"minecraft:copper_ore":3,"minecraft:spruce_leaves":4,"minecraft:furnace":8,"minecraft:carrots":13,"minecraft:iron_ore":41,"minecraft:fire":13,"minecraft:sweet_berry_bush":1,"minecraft:ice":1,"minecraft:andesite":12,"minecraft:white_carpet":6,"minecraft:spruce_log":171,"minecraft:coal_ore":45,"minecraft:gravel":64,"minecraft:iron_bars":2,"minecraft:dirt":103,"minecraft:sand":20,"minecraft:stone":341},"minecraft:used":{"minecraft:water_bucket":4,"minecraft:iron_bars":2,"minecraft:iron_shovel":164,"minecraft:flint_and_steel":13,"minecraft:stone_pickaxe":134,"minecraft:stone":29,"minecraft:chest":2,"minecraft:wooden_pickaxe":22,"minecraft:iron_sword":19,"minecraft:fletching_table":2,"minecraft:torch":29,"minecraft:dirt":3,"minecraft:crafting_table":5,"minecraft:red_bed":1,"minecraft:carrot":13,"minecraft:white_bed":2,"minecraft:spruce_boat":5,"minecraft:iron_hoe":18,"minecraft:glass":15,"minecraft:stone_brick_slab":28,"minecraft:bread":8,"minecraft:iron_axe":77,"minecraft:iron_pickaxe":326,"minecraft:iron_boots":1,"minecraft:spruce_sapling":16,"minecraft:stone_axe":20,"minecraft:cobblestone":62,"minecraft:furnace":14,"minecraft:cooked_porkchop":5,"minecraft:andesite":10,"minecraft:bucket":3,"minecraft:yellow_bed":2,"minecraft:egg":2,"minecraft:cooked_beef":4,"minecraft:golden_axe":96,"minecraft:bone_meal":6},"minecraft:dropped":{"minecraft:stone_axe":1,"minecraft:feather":1,"minecraft:white_carpet":6,"minecraft:rotten_flesh":7,"minecraft:iron_boots":1,"minecraft:oak_sapling":10,"minecraft:bow":1,"minecraft:arrow":3,"minecraft:glass":1,"minecraft:iron_bars":2,"minecraft:wooden_pickaxe":1,"minecraft:stone_pickaxe":4},"minecraft:custom":{"minecraft:interact_with_furnace":60,"minecraft:mob_kills":22,"minecraft:traded_with_villager":79,"minecraft:interact_with_crafting_table":20,"minecraft:time_since_death":22578,"minecraft:sleep_in_bed":4,"minecraft:climb_one_cm":2996,"minecraft:time_since_rest":2514,"minecraft:sprint_one_cm":269920,"minecraft:damage_taken":913,"minecraft:walk_one_cm":138293,"minecraft:drop":21,"minecraft:damage_dealt":3200,"minecraft:talked_to_villager":27,"minecraft:swim_one_cm":31092,"minecraft:fly_one_cm":289175,"minecraft:open_chest":40,"minecraft:deaths":1,"minecraft:crouch_one_cm":26527,"minecraft:play_time":83712,"minecraft:sneak_time":7239,"minecraft:walk_under_water_one_cm":4511,"minecraft:boat_one_cm":131086,"minecraft:jump":1288,"minecraft:interact_with_brewingstand":1,"minecraft:interact_with_blast_furnace":5,"minecraft:walk_on_water_one_cm":10144,"minecraft:total_world_time":83712,"minecraft:fall_one_cm":27996},"minecraft:picked_up":{"minecraft:crafting_table":4,"minecraft:feather":1,"minecraft:chicken":2,"minecraft:andesite":10,"minecraft:leather":8,"minecraft:flint":7,"minecraft:yellow_bed":2,"minecraft:brewing_stand":1,"minecraft:gunpowder":4,"minecraft:dirt":104,"minecraft:red_bed":1,"minecraft:raw_copper":12,"minecraft:white_carpet":12,"minecraft:glass":4,"minecraft:bow":1,"minecraft:stone_pickaxe":2,"minecraft:iron_ingot":8,"minecraft:beef":18,"minecraft:fletching_table":1,"minecraft:iron_boots":1,"minecraft:egg":2,"minecraft:furnace":8,"minecraft:raw_iron":41,"minecraft:stick":9,"minecraft:cooked_porkchop":8,"minecraft:torch":3,"minecraft:gravel":57,"minecraft:sand":20,"minecraft:spruce_sapling":10,"minecraft:carrot":13,"minecraft:white_bed":3,"minecraft:spruce_log":171,"minecraft:arrow":6,"minecraft:rotten_flesh":7,"minecraft:spruce_boat":5,"minecraft:oak_sapling":5,"minecraft:coal":108,"minecraft:iron_bars":4,"minecraft:cobblestone":345},"minecraft:killed":{"minecraft:creeper":2,"minecraft:skeleton":3,"minecraft:zombie":7,"minecraft:chicken":2,"minecraft:cow":7}},"DataVersion":3955}