{"stats":{"minecraft:crafted":{"minecraft:oak_planks":24,"minecraft:chainmail_helmet":8,"minecraft:furnace":9,"minecraft:stone":336,"minecraft:bone_meal":45,"minecraft:glass":16,"minecraft:stone_brick_slab":126,"minecraft:iron_boots":10,"minecraft:iron_axe":1,"minecraft:iron_hoe":1,"minecraft:stone_pickaxe":3,"minecraft:chest":2,"minecraft:diamond_boots":2,"minecraft:spruce_boat":1,"minecraft:stone_bricks":96,"minecraft:wheat":99,"minecraft:cooked_beef":6,"minecraft:emerald":120,"minecraft:crafting_table":2,"minecraft:spruce_planks":1716,"minecraft:wooden_pickaxe":1,"minecraft:stone_axe":3,"minecraft:bread":39,"minecraft:air":0,"minecraft:stick":3413,"minecraft:iron_ingot":43,"minecraft:iron_pickaxe":3,"minecraft:iron_shovel":1,"minecraft:torch":32,"minecraft:diamond_chestplate":1},"minecraft:broken":{"minecraft:golden_axe":1,"minecraft:iron_axe":1,"minecraft:iron_pickaxe":1},"minecraft:mined":{"minecraft:white_bed":1,"minecraft:brewing_stand":1,"minecraft:grass_block":1,"minecraft:spruce_leaves":6,"minecraft:hay_block":11,"minecraft:spruce_sapling":5,"minecraft:furnace":17,"minecraft:carrots":13,"minecraft:iron_ore":41,"minecraft:fire":13,"minecraft:andesite":12,"minecraft:stripped_spruce_log":1,"minecraft:fletching_table":5,"minecraft:iron_bars":2,"minecraft:stone":402,"minecraft:red_bed":1,"minecraft:stone_brick_slab":28,"minecraft:crafting_table":6,"minecraft:short_grass":15,"minecraft:copper_ore":3,"minecraft:cobblestone":3,"minecraft:wall_torch":3,"minecraft:sweet_berry_bush":1,"minecraft:ice":1,"minecraft:white_carpet":6,"minecraft:spruce_log":378,"minecraft:oak_log":6,"minecraft:coal_ore":45,"minecraft:dirt":108,"minecraft:gravel":64,"minecraft:sand":20},"minecraft:used":{"minecraft:iron_bars":2,"minecraft:iron_shovel":164,"minecraft:flint_and_steel":13,"minecraft:chest":2,"minecraft:stone":48,"minecraft:iron_sword":19,"minecraft:torch":37,"minecraft:dirt":6,"minecraft:carrot":14,"minecraft:spruce_boat":5,"minecraft:iron_hoe":18,"minecraft:glass":15,"minecraft:stone_brick_slab":52,"minecraft:iron_axe":306,"minecraft:iron_boots":1,"minecraft:bow":6,"minecraft:furnace":14,"minecraft:egg":2,"minecraft:cooked_beef":4,"minecraft:golden_axe":96,"minecraft:water_bucket":4,"minecraft:stone_pickaxe":134,"minecraft:wooden_pickaxe":22,"minecraft:fletching_table":7,"minecraft:crafting_table":6,"minecraft:red_bed":1,"minecraft:white_bed":2,"minecraft:bread":20,"minecraft:iron_pickaxe":430,"minecraft:spruce_sapling":52,"minecraft:stone_axe":40,"minecraft:cobblestone":62,"minecraft:grindstone":1,"minecraft:cooked_porkchop":5,"minecraft:bucket":3,"minecraft:andesite":10,"minecraft:yellow_bed":2,"minecraft:bone_meal":45},"minecraft:dropped":{"minecraft:feather":1,"minecraft:stone_axe":1,"minecraft:white_carpet":6,"minecraft:rotten_flesh":11,"minecraft:iron_boots":1,"minecraft:oak_sapling":10,"minecraft:stone_bricks":1,"minecraft:stone_pickaxe":5,"minecraft:iron_bars":2,"minecraft:arrow":3,"minecraft:bow":1,"minecraft:glass":1,"minecraft:wooden_pickaxe":1},"minecraft:custom":{"minecraft:mob_kills":35,"minecraft:interact_with_crafting_table":23,"minecraft:leave_game":1,"minecraft:time_since_death":46314,"minecraft:climb_one_cm":2996,"minecraft:sprint_one_cm":349167,"minecraft:walk_one_cm":203946,"minecraft:drop":24,"minecraft:talked_to_villager":43,"minecraft:play_time":107448,"minecraft:deaths":1,"minecraft:sneak_time":9132,"minecraft:walk_under_water_one_cm":4553,"minecraft:boat_one_cm":131086,"minecraft:jump":1668,"minecraft:interact_with_brewingstand":1,"minecraft:interact_with_blast_furnace":6,"minecraft:walk_on_water_one_cm":10260,"minecraft:total_world_time":107448,"minecraft:interact_with_furnace":61,"minecraft:traded_with_villager":142,"minecraft:sleep_in_bed":4,"minecraft:time_since_rest":26250,"minecraft:damage_taken":1436,"minecraft:damage_dealt":5232,"minecraft:swim_one_cm":31826,"minecraft:fly_one_cm":350309,"minecraft:open_chest":47,"minecraft:crouch_one_cm":29861,"minecraft:fall_one_cm":35010},"minecraft:picked_up":{"minecraft:crafting_table":6,"minecraft:chicken":2,"minecraft:brewing_stand":1,"minecraft:red_bed":1,"minecraft:raw_copper":12,"minecraft:white_carpet":12,"minecraft:beef":18,"minecraft:egg":2,"minecraft:iron_boots":1,"minecraft:furnace":17,"minecraft:raw_iron":41,"minecraft:stick":24,"minecraft:torch":11,"minecraft:carrot":14,"minecraft:arrow":18,"minecraft:rotten_flesh":11,"minecraft:hay_block":11,"minecraft:iron_bars":4,"minecraft:cobblestone":454,"minecraft:feather":1,"minecraft:andesite":10,"minecraft:leather":8,"minecraft:flint":7,"minecraft:oak_log":6,"minecraft:yellow_bed":2,"minecraft:gunpowder":4,"minecraft:dirt":109,"minecraft:glass":4,"minecraft:bone":13,"minecraft:stone_bricks":1,"minecraft:bow":2,"minecraft:wheat_seeds":2,"minecraft:stone_pickaxe":2,"minecraft:iron_ingot":8,"minecraft:fletching_table":6,"minecraft:cooked_porkchop":8,"minecraft:stone_brick_slab":28,"minecraft:gravel":57,"minecraft:sand":20,"minecraft:stripped_spruce_log":1,"minecraft:spruce_sapling":45,"minecraft:spruce_log":378,"minecraft:white_bed":3,"minecraft:grass_block":1,"minecraft:spruce_boat":5,"minecraft:oak_sapling":5,"minecraft:coal":121,"minecraft:ender_pearl":1},"minecraft:killed":{"minecraft:skeleton":14,"minecraft:chicken":2,"minecraft:creeper":2,"minecraft:zombie":9,"minecraft:cow":7}},"DataVersion":3955}