{"stats":{"minecraft:crafted":{"minecraft:cherry_planks":236,"minecraft:oak_planks":36,"minecraft:chainmail_helmet":8,"minecraft:iron_nugget":72,"minecraft:spruce_hanging_sign":6,"minecraft:chain":36,"minecraft:furnace":10,"minecraft:stone":352,"minecraft:bone_meal":45,"minecraft:glass":16,"minecraft:stone_brick_slab":126,"minecraft:diamond_helmet":1,"minecraft:diamond_leggings":1,"minecraft:iron_boots":10,"minecraft:iron_axe":21,"minecraft:spruce_slab":18,"minecraft:iron_hoe":1,"minecraft:stone_pickaxe":3,"minecraft:chest":10,"minecraft:diamond_boots":2,"minecraft:spruce_boat":1,"minecraft:stone_bricks":276,"minecraft:wheat":396,"minecraft:cooked_beef":6,"minecraft:emerald":300,"minecraft:cauldron":1,"minecraft:diamond_axe":7,"minecraft:crafting_table":6,"minecraft:spruce_planks":4268,"minecraft:wooden_pickaxe":1,"minecraft:bucket":1,"minecraft:stone_axe":3,"minecraft:bread":138,"minecraft:air":0,"minecraft:stone_brick_stairs":52,"minecraft:spruce_trapdoor":2,"minecraft:shield":1,"minecraft:stick":8633,"minecraft:iron_ingot":177,"minecraft:iron_pickaxe":8,"minecraft:iron_shovel":2,"minecraft:torch":32,"minecraft:diamond_chestplate":1},"minecraft:broken":{"minecraft:flint_and_steel":1,"minecraft:golden_axe":1,"minecraft:iron_axe":2,"minecraft:iron_pickaxe":6,"minecraft:bow":1},"minecraft:mined":{"minecraft:white_bed":10,"minecraft:cherry_log":59,"minecraft:cherry_sapling":1,"minecraft:brewing_stand":1,"minecraft:spruce_trapdoor":5,"minecraft:granite":4,"minecraft:grass_block":62,"minecraft:spruce_leaves":28,"minecraft:composter":1,"minecraft:hay_block":46,"minecraft:spruce_sapling":5,"minecraft:furnace":21,"minecraft:carrots":33,"minecraft:iron_ore":166,"minecraft:fire":20,"minecraft:andesite":16,"minecraft:stripped_spruce_log":11,"minecraft:deepslate_lapis_ore":3,"minecraft:fletching_table":9,"minecraft:bell":3,"minecraft:bookshelf":4,"minecraft:pointed_dripstone":2,"minecraft:dirt_path":9,"minecraft:deepslate_iron_ore":12,"minecraft:iron_bars":2,"minecraft:stone":1155,"minecraft:spruce_slab":5,"minecraft:spruce_hanging_sign":4,"minecraft:oak_slab":6,"minecraft:cherry_planks":6,"minecraft:red_bed":1,"minecraft:smoker":2,"minecraft:amethyst_cluster":1,"minecraft:dandelion":1,"minecraft:stone_brick_slab":66,"minecraft:oak_fence":6,"minecraft:crafting_table":8,"minecraft:short_grass":25,"minecraft:blast_furnace":1,"minecraft:chest":5,"minecraft:glass":15,"minecraft:lectern":1,"minecraft:copper_ore":3,"minecraft:cobblestone":14,"minecraft:deepslate_gold_ore":17,"minecraft:lapis_ore":9,"minecraft:grindstone":2,"minecraft:oak_planks":1,"minecraft:diorite":1,"minecraft:wall_torch":17,"minecraft:cauldron":1,"minecraft:spruce_wall_hanging_sign":1,"minecraft:chain":2,"minecraft:sweet_berry_bush":1,"minecraft:ice":1,"minecraft:white_carpet":6,"minecraft:spruce_log":1331,"minecraft:stone_brick_stairs":60,"minecraft:yellow_bed":14,"minecraft:oak_log":9,"minecraft:coal_ore":121,"minecraft:cherry_leaves":31,"minecraft:dirt":289,"minecraft:gravel":83,"minecraft:sand":20,"minecraft:stone_bricks":12,"minecraft:gold_ore":10,"minecraft:deepslate":4},"minecraft:used":{"minecraft:cherry_sapling":3,"minecraft:iron_bars":2,"minecraft:iron_shovel":377,"minecraft:flint_and_steel":72,"minecraft:spruce_slab":10,"minecraft:chest":9,"minecraft:shield":2,"minecraft:stone":184,"minecraft:iron_sword":19,"minecraft:bell":1,"minecraft:torch":53,"minecraft:dirt":189,"minecraft:carrot":20,"minecraft:spruce_boat":5,"minecraft:iron_hoe":18,"minecraft:glass":19,"minecraft:stone_brick_slab":123,"minecraft:lava_bucket":5,"minecraft:iron_axe":647,"minecraft:iron_boots":1,"minecraft:stone_bricks":85,"minecraft:stone_brick_stairs":104,"minecraft:spruce_hanging_sign":11,"minecraft:bow":14,"minecraft:furnace":18,"minecraft:egg":3,"minecraft:cooked_beef":4,"minecraft:golden_axe":96,"minecraft:pointed_dripstone":1,"minecraft:water_bucket":9,"minecraft:stone_pickaxe":134,"minecraft:oak_planks":1,"minecraft:cherry_planks":60,"minecraft:wooden_pickaxe":22,"minecraft:cauldron":2,"minecraft:diamond_axe":840,"minecraft:fletching_table":11,"minecraft:oak_slab":2,"minecraft:blast_furnace":1,"minecraft:crafting_table":12,"minecraft:red_bed":1,"minecraft:white_bed":6,"minecraft:spruce_log":265,"minecraft:smoker":1,"minecraft:bread":61,"minecraft:iron_pickaxe":1621,"minecraft:spruce_trapdoor":5,"minecraft:gravel":2,"minecraft:spruce_sapling":93,"minecraft:stone_axe":40,"minecraft:pink_petals":5,"minecraft:cobblestone":203,"minecraft:grindstone":3,"minecraft:cooked_porkchop":5,"minecraft:chain":32,"minecraft:bucket":14,"minecraft:andesite":10,"minecraft:yellow_bed":7,"minecraft:bone_meal":45},"minecraft:dropped":{"minecraft:wheat_seeds":3,"minecraft:cherry_log":29,"minecraft:feather":1,"minecraft:cobblestone":15,"minecraft:chainmail_helmet":8,"minecraft:dirt":1,"minecraft:iron_pickaxe":1,"minecraft:dandelion":1,"minecraft:stone_axe":5,"minecraft:white_carpet":6,"minecraft:rotten_flesh":19,"minecraft:oak_planks":3,"minecraft:iron_boots":10,"minecraft:white_bed":1,"minecraft:andesite":2,"minecraft:oak_sapling":10,"minecraft:stone_bricks":1,"minecraft:stone_pickaxe":5,"minecraft:iron_bars":2,"minecraft:arrow":3,"minecraft:bow":1,"minecraft:glass":1,"minecraft:wooden_pickaxe":1},"minecraft:custom":{"minecraft:mob_kills":49,"minecraft:interact_with_crafting_table":48,"minecraft:leave_game":1,"minecraft:time_since_death":244314,"minecraft:climb_one_cm":2996,"minecraft:sprint_one_cm":873606,"minecraft:walk_one_cm":697447,"minecraft:damage_blocked_by_shield":50,"minecraft:drop":64,"minecraft:talked_to_villager":113,"minecraft:play_time":305448,"minecraft:deaths":1,"minecraft:sneak_time":20968,"minecraft:walk_under_water_one_cm":6436,"minecraft:boat_one_cm":131086,"minecraft:jump":3880,"minecraft:interact_with_brewingstand":1,"minecraft:interact_with_blast_furnace":17,"minecraft:walk_on_water_one_cm":22216,"minecraft:total_world_time":305448,"minecraft:interact_with_furnace":74,"minecraft:traded_with_villager":351,"minecraft:interact_with_grindstone":1,"minecraft:sleep_in_bed":8,"minecraft:time_since_rest":122103,"minecraft:damage_taken":2365,"minecraft:damage_dealt":7841,"minecraft:swim_one_cm":45506,"minecraft:fly_one_cm":653472,"minecraft:open_chest":119,"minecraft:crouch_one_cm":64231,"minecraft:interact_with_smoker":2,"minecraft:use_cauldron":2,"minecraft:fall_one_cm":86880},"minecraft:picked_up":{"minecraft:crafting_table":9,"minecraft:chicken":4,"minecraft:smithing_table":1,"minecraft:stone_brick_stairs":60,"minecraft:chain":2,"minecraft:brewing_stand":1,"minecraft:string":2,"minecraft:red_bed":1,"minecraft:iron_axe":19,"minecraft:raw_copper":12,"minecraft:flint_and_steel":1,"minecraft:white_carpet":18,"minecraft:beef":24,"minecraft:iron_pickaxe":1,"minecraft:spruce_slab":5,"minecraft:lectern":3,"minecraft:chest":7,"minecraft:spruce_trapdoor":5,"minecraft:egg":3,"minecraft:iron_boots":1,"minecraft:furnace":31,"minecraft:raw_iron":285,"minecraft:stick":81,"minecraft:stone":108,"minecraft:composter":1,"minecraft:torch":57,"minecraft:cherry_log":117,"minecraft:pointed_dripstone":9,"minecraft:carrot":78,"minecraft:cauldron":1,"minecraft:arrow":21,"minecraft:rotten_flesh":19,"minecraft:diamond_boots":1,"minecraft:hay_block":44,"minecraft:spruce_hanging_sign":5,"minecraft:iron_bars":4,"minecraft:cobblestone":1378,"minecraft:pink_petals":5,"minecraft:feather":1,"minecraft:cherry_planks":6,"minecraft:andesite":12,"minecraft:leather":16,"minecraft:smoker":2,"minecraft:potato":3,"minecraft:flint":19,"minecraft:oak_log":9,"minecraft:yellow_bed":25,"minecraft:gunpowder":8,"minecraft:lapis_lazuli":125,"minecraft:dirt":455,"minecraft:name_tag":1,"minecraft:glass":4,"minecraft:bone":29,"minecraft:apple":1,"minecraft:stone_bricks":13,"minecraft:bow":4,"minecraft:wheat_seeds":3,"minecraft:raw_gold":54,"minecraft:bell":4,"minecraft:grindstone":2,"minecraft:stone_pickaxe":2,"minecraft:iron_ingot":16,"minecraft:fletching_table":12,"minecraft:book":24,"minecraft:oak_slab":3,"minecraft:cooked_porkchop":8,"minecraft:stone_brick_slab":66,"minecraft:dandelion":1,"minecraft:gravel":127,"minecraft:amethyst_shard":8,"minecraft:sand":20,"minecraft:blast_furnace":1,"minecraft:stripped_spruce_log":11,"minecraft:spruce_sapling":114,"minecraft:spruce_log":1329,"minecraft:white_bed":16,"minecraft:grass_block":2,"minecraft:spider_eye":2,"minecraft:diamond":2,"minecraft:stone_axe":2,"minecraft:spruce_boat":5,"minecraft:diamond_axe":6,"minecraft:cherry_sapling":7,"minecraft:bread":64,"minecraft:oak_sapling":5,"minecraft:coal":354,"minecraft:ender_pearl":2},"minecraft:killed":{"minecraft:spider":1,"minecraft:skeleton":19,"minecraft:chicken":2,"minecraft:creeper":2,"minecraft:zombie":17,"minecraft:cow":7}},"DataVersion":3955}