{"stats":{"minecraft:picked_up":{"minecraft:smithing_table":9,"minecraft:diamond_sword":1,"minecraft:stone_brick_stairs":68,"minecraft:brewing_stand":2,"minecraft:string":6,"minecraft:raw_copper":12,"minecraft:gold_nugget":33,"minecraft:spruce_planks":101,"minecraft:iron_pickaxe":1,"minecraft:iron_boots":1,"minecraft:furnace":45,"minecraft:stick":128,"minecraft:composter":2,"minecraft:torch":100,"minecraft:cherry_log":117,"minecraft:pointed_dripstone":13,"minecraft:cauldron":1,"minecraft:rotten_flesh":23,"minecraft:spruce_hanging_sign":7,"minecraft:blaze_rod":32,"minecraft:obsidian":6,"minecraft:iron_bars":4,"minecraft:cobblestone":2328,"minecraft:pink_petals":5,"minecraft:feather":1,"minecraft:cooked_beef":1,"minecraft:cherry_planks":6,"minecraft:water_bucket":2,"minecraft:andesite":12,"minecraft:smoker":3,"minecraft:potato":3,"minecraft:flint":32,"minecraft:lapis_lazuli":208,"minecraft:dirt":1021,"minecraft:name_tag":2,"minecraft:twisting_vines":35,"minecraft:glass":4,"minecraft:bone":59,"minecraft:bow":6,"minecraft:wheat_seeds":11,"minecraft:raw_gold":81,"minecraft:bell":6,"minecraft:grindstone":4,"minecraft:fletching_table":22,"minecraft:cooked_porkchop":11,"minecraft:sand":20,"minecraft:stripped_spruce_log":13,"minecraft:grass_block":3,"minecraft:barrel":1,"minecraft:spruce_fence_gate":4,"minecraft:diamond":4,"minecraft:spruce_boat":5,"minecraft:breeze_rod":12,"minecraft:golden_apple":1,"minecraft:spruce_sign":9,"minecraft:bread":123,"minecraft:oak_sapling":5,"minecraft:netherrack":1239,"minecraft:diamond_pickaxe":3,"minecraft:crafting_table":16,"minecraft:splash_potion":1,"minecraft:chicken":6,"minecraft:ladder":3,"minecraft:chain":10,"minecraft:shield":1,"minecraft:red_bed":2,"minecraft:iron_axe":39,"minecraft:flint_and_steel":3,"minecraft:white_carpet":24,"minecraft:blackstone":203,"minecraft:beef":30,"minecraft:spruce_slab":23,"minecraft:lectern":100,"minecraft:sugar_cane":19,"minecraft:chest":17,"minecraft:spruce_trapdoor":12,"minecraft:egg":3,"minecraft:raw_iron":287,"minecraft:stone":113,"minecraft:spruce_fence":2,"minecraft:carrot":351,"minecraft:arrow":59,"minecraft:beetroot_seeds":2,"minecraft:pumpkin_pie":29,"minecraft:diamond_boots":2,"minecraft:hay_block":44,"minecraft:gold_ingot":3,"minecraft:basalt":446,"minecraft:leather":32,"minecraft:oak_log":9,"minecraft:yellow_bed":74,"minecraft:gunpowder":20,"minecraft:cooked_mutton":6,"minecraft:coast_armor_trim_smithing_template":2,"minecraft:apple":7,"minecraft:stone_bricks":75,"minecraft:iron_ingot":31,"minecraft:stone_pickaxe":5,"minecraft:book":51,"minecraft:oak_slab":6,"minecraft:stone_brick_slab":140,"minecraft:quartz":25,"minecraft:dandelion":1,"minecraft:gravel":203,"minecraft:lava_bucket":2,"minecraft:amethyst_shard":12,"minecraft:spruce_sapling":203,"minecraft:blast_furnace":2,"minecraft:white_bed":26,"minecraft:spruce_log":2391,"minecraft:spider_eye":3,"minecraft:diamond_shovel":1,"minecraft:stone_axe":2,"minecraft:diamond_axe":12,"minecraft:cherry_sapling":9,"minecraft:coal":408,"minecraft:ender_pearl":3},"minecraft:used":{"minecraft:cherry_sapling":3,"minecraft:iron_shovel":666,"minecraft:spruce_slab":19,"minecraft:ladder":2,"minecraft:chest":18,"minecraft:shield":11,"minecraft:stone":258,"minecraft:iron_sword":19,"minecraft:bell":1,"minecraft:carrot":196,"minecraft:spruce_boat":5,"minecraft:glass":19,"minecraft:lava_bucket":15,"minecraft:stone_brick_stairs":116,"minecraft:stone_bricks":185,"minecraft:spruce_hanging_sign":13,"minecraft:bow":14,"minecraft:furnace":21,"minecraft:egg":3,"minecraft:stone_pickaxe":134,"minecraft:oak_planks":1,"minecraft:blackstone":13,"minecraft:wooden_pickaxe":22,"minecraft:composter":3,"minecraft:diamond_axe":2190,"minecraft:blast_furnace":2,"minecraft:bread":117,"minecraft:lectern":97,"minecraft:gravel":2,"minecraft:grindstone":5,"minecraft:smithing_table":8,"minecraft:andesite":10,"minecraft:chain":36,"minecraft:bone_meal":102,"minecraft:iron_bars":2,"minecraft:flint_and_steel":73,"minecraft:spruce_planks":41,"minecraft:netherrack":134,"minecraft:torch":83,"minecraft:dirt":392,"minecraft:anvil":1,"minecraft:twisting_vines":3,"minecraft:spruce_fence":12,"minecraft:iron_hoe":161,"minecraft:stone_brick_slab":145,"minecraft:bookshelf":1,"minecraft:iron_axe":647,"minecraft:iron_boots":1,"minecraft:barrel":1,"minecraft:basalt":13,"minecraft:cooked_beef":4,"minecraft:golden_axe":96,"minecraft:pointed_dripstone":1,"minecraft:water_bucket":36,"minecraft:cherry_planks":60,"minecraft:spruce_sign":9,"minecraft:cauldron":2,"minecraft:fletching_table":21,"minecraft:spruce_fence_gate":16,"minecraft:oak_slab":3,"minecraft:crafting_table":17,"minecraft:red_bed":2,"minecraft:white_bed":14,"minecraft:smoker":1,"minecraft:spruce_log":386,"minecraft:diamond_pickaxe":770,"minecraft:iron_pickaxe":2035,"minecraft:spruce_trapdoor":11,"minecraft:spruce_sapling":117,"minecraft:stone_axe":40,"minecraft:pink_petals":5,"minecraft:cobblestone":207,"minecraft:cooked_porkchop":5,"minecraft:bucket":51,"minecraft:yellow_bed":62},"minecraft:custom":{"minecraft:interact_with_crafting_table":68,"minecraft:open_barrel":2,"minecraft:leave_game":1,"minecraft:time_since_death":457498,"minecraft:sprint_one_cm":1569893,"minecraft:damage_blocked_by_shield":315,"minecraft:drop":191,"minecraft:talked_to_villager":291,"minecraft:play_time":518632,"minecraft:deaths":1,"minecraft:jump":6232,"minecraft:interact_with_brewingstand":1,"minecraft:walk_on_water_one_cm":27349,"minecraft:interact_with_furnace":110,"minecraft:traded_with_villager":561,"minecraft:sleep_in_bed":12,"minecraft:open_enderchest":4,"minecraft:damage_dealt":15299,"minecraft:crouch_one_cm":93119,"minecraft:interact_with_smoker":2,"minecraft:use_cauldron":2,"minecraft:interact_with_anvil":2,"minecraft:mob_kills":86,"minecraft:climb_one_cm":20852,"minecraft:walk_one_cm":1199148,"minecraft:sneak_time":31812,"minecraft:walk_under_water_one_cm":7432,"minecraft:boat_one_cm":131086,"minecraft:interact_with_blast_furnace":20,"minecraft:total_world_time":518632,"minecraft:interact_with_grindstone":2,"minecraft:time_since_rest":92034,"minecraft:damage_taken":3937,"minecraft:swim_one_cm":51052,"minecraft:fly_one_cm":1054470,"minecraft:open_chest":319,"minecraft:fall_one_cm":140660},"minecraft:crafted":{"minecraft:oak_planks":36,"minecraft:chainmail_helmet":8,"minecraft:spruce_hanging_sign":6,"minecraft:blaze_powder":2,"minecraft:chain":36,"minecraft:stone":478,"minecraft:bookshelf":1,"minecraft:glass":16,"minecraft:stone_brick_slab":126,"minecraft:diamond_helmet":1,"minecraft:diamond_leggings":1,"minecraft:iron_boots":10,"minecraft:chest":13,"minecraft:ender_eye":1,"minecraft:stone_bricks":332,"minecraft:emerald":480,"minecraft:cauldron":1,"minecraft:diamond_axe":8,"minecraft:crafting_table":8,"minecraft:spruce_planks":7204,"minecraft:wooden_pickaxe":1,"minecraft:stone_brick_stairs":64,"minecraft:spruce_trapdoor":4,"minecraft:diamond_pickaxe":1,"minecraft:shield":1,"minecraft:stick":14143,"minecraft:iron_ingot":179,"minecraft:iron_pickaxe":9,"minecraft:iron_block":3,"minecraft:gold_ingot":27,"minecraft:composter":1,"minecraft:spruce_fence_gate":12,"minecraft:cherry_planks":236,"minecraft:iron_nugget":72,"minecraft:furnace":10,"minecraft:bone_meal":102,"minecraft:spruce_fence":18,"minecraft:flint_and_steel":1,"minecraft:iron_axe":21,"minecraft:ladder":3,"minecraft:spruce_slab":18,"minecraft:iron_hoe":2,"minecraft:stone_pickaxe":27,"minecraft:diamond_boots":2,"minecraft:spruce_boat":1,"minecraft:wheat":396,"minecraft:cooked_beef":6,"minecraft:spruce_sign":12,"minecraft:bucket":1,"minecraft:stone_axe":3,"minecraft:enchanted_book":1,"minecraft:bread":150,"minecraft:air":0,"minecraft:golden_apple":3,"minecraft:iron_shovel":3,"minecraft:anvil":1,"minecraft:torch":32,"minecraft:diamond_chestplate":1},"minecraft:mined":{"minecraft:spruce_planks":3,"minecraft:white_bed":17,"minecraft:farmland":16,"minecraft:cherry_log":59,"minecraft:brewing_stand":1,"minecraft:spruce_trapdoor":11,"minecraft:granite":4,"minecraft:grass_block":82,"minecraft:composter":2,"minecraft:magma_block":7,"minecraft:iron_ore":166,"minecraft:fire":22,"minecraft:barrel":1,"minecraft:fletching_table":17,"minecraft:deepslate_lapis_ore":3,"minecraft:twisting_vines":1,"minecraft:pointed_dripstone":2,"minecraft:dirt_path":16,"minecraft:iron_bars":2,"minecraft:spruce_slab":15,"minecraft:red_bed":2,"minecraft:blackstone":84,"minecraft:smoker":2,"minecraft:amethyst_cluster":1,"minecraft:blast_furnace":2,"minecraft:chest":10,"minecraft:spruce_wall_sign":9,"minecraft:glass":15,"minecraft:nether_quartz_ore":17,"minecraft:cobblestone":19,"minecraft:grindstone":4,"minecraft:oak_planks":1,"minecraft:wall_torch":25,"minecraft:cauldron":1,"minecraft:spruce_wall_hanging_sign":1,"minecraft:chain":6,"minecraft:wheat":3,"minecraft:stone_brick_stairs":60,"minecraft:oak_log":9,"minecraft:beetroots":1,"minecraft:sand":20,"minecraft:dirt":573,"minecraft:netherrack":660,"minecraft:deepslate":4,"minecraft:cherry_sapling":1,"minecraft:spruce_leaves":36,"minecraft:hay_block":46,"minecraft:spruce_sapling":5,"minecraft:furnace":22,"minecraft:carrots":114,"minecraft:andesite":16,"minecraft:stripped_spruce_log":13,"minecraft:bell":3,"minecraft:bookshelf":5,"minecraft:deepslate_iron_ore":12,"minecraft:stone":1360,"minecraft:podzol":21,"minecraft:smithing_table":7,"minecraft:spruce_hanging_sign":6,"minecraft:oak_slab":9,"minecraft:cherry_planks":6,"minecraft:basalt":170,"minecraft:stone_brick_slab":71,"minecraft:dandelion":1,"minecraft:oak_fence":6,"minecraft:crafting_table":13,"minecraft:short_grass":37,"minecraft:lectern":96,"minecraft:tall_grass":2,"minecraft:copper_ore":3,"minecraft:lapis_ore":9,"minecraft:deepslate_gold_ore":17,"minecraft:diorite":1,"minecraft:sweet_berry_bush":1,"minecraft:ice":1,"minecraft:white_carpet":6,"minecraft:spruce_log":2390,"minecraft:yellow_bed":62,"minecraft:coal_ore":126,"minecraft:cherry_leaves":31,"minecraft:gravel":92,"minecraft:spruce_fence_gate":4,"minecraft:stone_bricks":12,"minecraft:gold_ore":10},"minecraft:dropped":{"minecraft:flint":1,"minecraft:dirt":11,"minecraft:pumpkin_pie":29,"minecraft:gold_nugget":3,"minecraft:iron_pickaxe":2,"minecraft:bone":2,"minecraft:stone_axe":5,"minecraft:blackstone":102,"minecraft:twisting_vines":1,"minecraft:rotten_flesh":22,"minecraft:oak_planks":3,"minecraft:diamond_shovel":1,"minecraft:white_bed":1,"minecraft:carrot":140,"minecraft:gunpowder":2,"minecraft:breeze_rod":6,"minecraft:basalt":256,"minecraft:iron_bars":2,"minecraft:arrow":3,"minecraft:glass":1,"minecraft:quartz":11,"minecraft:netherrack":307,"minecraft:water_bucket":2,"minecraft:wheat_seeds":11,"minecraft:cherry_log":29,"minecraft:feather":1,"minecraft:cobblestone":18,"minecraft:chainmail_helmet":8,"minecraft:stick":4,"minecraft:iron_axe":1,"minecraft:string":3,"minecraft:dandelion":1,"minecraft:white_carpet":6,"minecraft:iron_boots":10,"minecraft:flint_and_steel":1,"minecraft:diamond_sword":1,"minecraft:potato":14,"minecraft:shield":1,"minecraft:spruce_planks":5,"minecraft:diamond_pickaxe":2,"minecraft:andesite":2,"minecraft:yellow_bed":1,"minecraft:oak_sapling":10,"minecraft:stone_bricks":1,"minecraft:bow":2,"minecraft:stone_pickaxe":32,"minecraft:wooden_pickaxe":1},"minecraft:killed":{"minecraft:spider":3,"minecraft:skeleton":47,"minecraft:chicken":2,"minecraft:creeper":4,"minecraft:zombie":21,"minecraft:cow":7,"minecraft:drowned":1},"minecraft:broken":{"minecraft:iron_shovel":1,"minecraft:bow":1,"minecraft:flint_and_steel":1,"minecraft:golden_axe":1,"minecraft:iron_axe":2,"minecraft:iron_pickaxe":7}},"DataVersion":3955}