{"stats":{"minecraft:killed":{"minecraft:zombie":1,"minecraft:chicken":1,"minecraft:cow":7},"minecraft:picked_up":{"minecraft:feather":1,"minecraft:crafting_table":2,"minecraft:chicken":1,"minecraft:leather":8,"minecraft:beef":12,"minecraft:spruce_log":7,"minecraft:coal":23,"minecraft:dirt":3,"minecraft:cobblestone":17,"minecraft:egg":1},"minecraft:crafted":{"minecraft:stone_axe":1,"minecraft:crafting_table":1,"minecraft:spruce_planks":28,"minecraft:stick":8,"minecraft:stone_pickaxe":1,"minecraft:wooden_pickaxe":1},"minecraft:used":{"minecraft:stone_axe":10,"minecraft:crafting_table":3,"minecraft:stone_pickaxe":26,"minecraft:egg":1,"minecraft:wooden_pickaxe":22},"minecraft:custom":{"minecraft:time_since_rest":5830,"minecraft:crouch_one_cm":1377,"minecraft:play_time":5830,"minecraft:sprint_one_cm":26318,"minecraft:damage_taken":90,"minecraft:walk_one_cm":10875,"minecraft:sneak_time":504,"minecraft:mob_kills":9,"minecraft:jump":105,"minecraft:damage_dealt":910,"minecraft:time_since_death":5830,"minecraft:total_world_time":5830,"minecraft:fall_one_cm":4340,"minecraft:interact_with_crafting_table":3,"minecraft:fly_one_cm":31251},"minecraft:mined":{"minecraft:grass_block":1,"minecraft:coal_ore":23,"minecraft:dirt":2,"minecraft:ice":1,"minecraft:spruce_log":7,"minecraft:stone":17,"minecraft:crafting_table":2}},"DataVersion":3955}